StudentID,AcademicScore,CourseParticipation,AttendanceRate,PhysicalActivity,EmotionEngagement,LearningStyle,DeviceUsage,FeedbackScore,StudentPerformance
1,88,32,0.5621099833640297,4697,0.3270446441518178,Kinesthetic,29,2.800945146690469,2
2,78,21,0.9481106513425192,340,0.8900570254652526,Auditory,25,2.0189948293468754,1
3,64,20,0.797388318688468,3828,0.08430131461135038,Visual,1,2.407539337388026,1
4,92,5,0.808302290931237,1968,0.807189318791188,Kinesthetic,25,3.822461219137172,2
5,57,5,0.806472087432803,703,0.8613196258150908,Auditory,3,3.0862039356438684,0
6,70,47,0.6494179431686569,4413,0.8172523113668212,Kinesthetic,2,1.4985897159712533,1
7,88,3,0.9676009076497298,2429,0.512726394261776,Auditory,6,4.845658161694557,2
8,68,29,0.9736752313155194,1800,0.4383849800307613,Kinesthetic,23,3.5436430628389535,1
9,72,10,0.8126523301069739,4912,0.9962622865248768,Visual,17,4.063473702650127,1
10,60,29,0.8917113629708073,4648,0.22917195121416212,Auditory,9,1.3168526000334833,1
11,60,30,0.806128992940579,855,0.5468759658760446,Auditory,6,1.1882335178400756,1
12,73,23,0.7421992237870203,1812,0.6706755253823256,Visual,7,1.0777922014723247,1
13,85,8,0.8304100591496253,2866,0.700867635861432,Kinesthetic,5,1.7551761110937778,2
14,89,2,0.7765007262959792,3642,0.2040246657385787,Visual,21,2.6576335908739805,2
15,73,30,0.798737931315965,182,0.6539940923398012,Visual,25,4.743304533611291,1
16,52,39,0.891916276709431,3112,0.8183695664813373,Kinesthetic,0,2.828238637063105,0
17,71,36,0.7404519157244924,4492,0.050018576821112215,Visual,3,2.1610204214901176,1
18,51,35,0.5203770530462364,1517,0.9115212933253165,Auditory,13,3.2477410140786533,0
19,73,23,0.5819997404947486,1356,0.029504055145205932,Auditory,16,1.447738312539157,1
20,93,30,0.7193036082447692,2174,0.35597103248839435,Auditory,19,3.438023564019933,2
21,79,5,0.8624132799370292,3629,0.015813196232962068,Visual,17,3.2737278173220132,1
22,87,1,0.7966393241550893,3628,0.07714516853958187,Auditory,10,4.167972133622839,2
23,51,19,0.825147092936727,4096,0.9111682851800791,Auditory,28,4.946750446468096,0
24,70,27,0.7396394642881436,3239,0.3548608307461478,Auditory,20,2.003493886864442,1
25,82,10,0.8078710109711214,3691,0.4247715304250529,Auditory,25,3.0386258032150426,2
26,61,3,0.6645087189073311,18,0.21534438138255263,Auditory,13,4.635461625276014,1
27,71,14,0.7350912963483325,3403,0.5970957701867198,Auditory,8,4.140759537691365,1
28,93,5,0.8721395327974778,4679,0.5948032146777896,Visual,26,2.9496252124032303,2
29,74,48,0.9359163894865605,4551,0.37220039182521925,Auditory,14,4.781486598459111,1
30,98,29,0.7168276669781944,3004,0.33303487180539837,Auditory,11,1.2289467740672375,2
31,76,37,0.5218308288536806,1132,0.8849643081805878,Kinesthetic,9,4.7239944788503365,1
32,91,1,0.5808362720734013,3339,0.3832842396422014,Visual,18,1.2020295695312262,2
33,77,14,0.510430569645769,3311,0.49350099215440824,Visual,23,3.1892189764587373,1
34,65,10,0.826631509618665,3372,0.28330476242493063,Visual,18,4.561763792004343,1
35,64,7,0.6661573126775544,987,0.7867695033571274,Visual,5,2.0508837742452113,1
36,96,25,0.7712393178596837,3321,0.39744815689909163,Auditory,19,2.888993995780634,2
37,93,44,0.7466384233918998,4615,0.5136110465443245,Auditory,23,2.2973155165478665,2
38,52,43,0.5407632447762134,4954,0.2533571700596614,Kinesthetic,26,4.808575668305405,0
39,86,4,0.7016306805619159,173,0.9876595923412518,Kinesthetic,5,4.294582379012363,2
40,56,5,0.6102805624611616,3741,0.2914957409237229,Visual,7,3.8360060453055183,0
41,70,25,0.7091998943338264,3052,0.7707425309055517,Kinesthetic,0,3.350507946460435,1
42,58,3,0.6017891401711213,726,0.4274956503567592,Kinesthetic,21,4.2823671572965925,0
43,88,18,0.9202262031384667,3760,0.20621740508413988,Visual,16,2.5690681660941883,2
44,67,19,0.5870966682891268,1875,0.7997187639648612,Visual,16,2.7902074204242475,1
45,53,32,0.9803902757434885,4033,0.33360678902904317,Kinesthetic,23,3.920006884323446,0
46,74,19,0.7079536830734704,989,0.8651933473978111,Auditory,14,2.431019053174857,1
47,63,48,0.9231226460095246,3744,0.915257184917823,Kinesthetic,6,1.2556037681934953,1
48,99,11,0.8143824091029725,2686,0.8598238353912759,Kinesthetic,18,1.2973384355442859,2
49,58,46,0.8676751493328763,419,0.03500791480680565,Auditory,21,1.4614512052228155,0
50,75,0,0.8838619440333901,593,0.7873733450051056,Auditory,24,4.4787252933746515,1
51,51,25,0.7524224409465089,1774,0.4113394664991439,Visual,22,2.8889057030248173,0
52,69,13,0.7716502616816442,2459,0.8737229201822251,Visual,27,3.851529477378946,1
53,77,37,0.7569979339043624,935,0.6379542626847388,Kinesthetic,2,2.571637342419573,1
54,96,36,0.7940291890450396,3808,0.8336431341439584,Auditory,29,2.034843789662538,2
55,56,10,0.5146972228782536,331,0.49943176986683535,Visual,29,2.3887686702488478,0
56,93,35,0.6977575849245077,3449,0.5350255045989328,Kinesthetic,28,4.176729381268734,2
57,57,12,0.8030943567805857,2702,0.14438763213366723,Auditory,21,3.500864500125753,0
58,96,42,0.7988617826279322,4006,0.7839873586893554,Kinesthetic,10,4.750559119831609,2
59,84,2,0.8964780473028158,3868,0.41938961166697164,Visual,19,3.718819114307336,2
60,63,32,0.8275046694160543,4200,0.5000801182715826,Visual,29,3.2807265270187758,1
61,66,5,0.9960666581703361,201,0.7850977140957076,Auditory,28,3.440784035943338,1
62,85,49,0.6419272643043226,2497,0.598845400079439,Kinesthetic,18,4.7694857578736585,2
63,99,9,0.6795755148331157,1842,0.20109872744266744,Auditory,8,4.152803719466824,2
64,89,4,0.6919235759338982,1866,0.5902326591508927,Visual,9,1.0961649494657513,2
65,53,22,0.7329064035101243,1996,0.40763285797965576,Visual,1,3.136558784542789,0
66,51,9,0.9179990318906047,909,0.46952554204386265,Kinesthetic,0,3.7533536461862593,0
67,55,43,0.6178960469796049,4305,0.028311274402667785,Kinesthetic,29,3.99479391375662,0
68,91,1,0.8880001035177147,4658,0.2100293495162816,Kinesthetic,15,1.8525684772557467,2
69,53,12,0.7026550915428718,3189,0.28103808138102826,Auditory,17,4.4687094178054085,0
70,78,39,0.8009276918310042,770,0.7129600078588058,Kinesthetic,22,4.823372588700655,1
71,67,1,0.816270266613153,3155,0.011492473298115313,Kinesthetic,25,1.946861223379479,1
72,75,19,0.6864243185944672,2501,0.40877726122913205,Visual,16,4.530461830068983,1
73,93,0,0.7563076026029025,2714,0.9240268704257328,Visual,5,1.3879150500643815,2
74,83,36,0.7065155873238484,4724,0.11188061654912385,Kinesthetic,13,1.2228273444609807,2
75,59,8,0.5345663930933098,3585,0.516424388218611,Kinesthetic,22,1.5168952004109975,0
76,85,16,0.7185826944084133,1628,0.786522382390847,Visual,24,1.230964317868144,2
77,63,8,0.5486966962767761,386,0.9425313075201167,Kinesthetic,14,4.380048948623104,1
78,80,10,0.7025103995401607,3421,0.746776639533718,Auditory,13,1.2362005778330878,2
79,97,14,0.796459199915891,4008,0.7205655486444061,Auditory,23,2.086656765454622,2
80,64,23,0.7897074496717504,4093,0.8264880901957624,Auditory,21,1.4150253741434256,1
81,57,37,0.8313106395041602,4363,0.44620122097754367,Kinesthetic,2,2.18168814525506,0
82,63,34,0.5476307539773131,2466,0.8058445326178331,Visual,23,1.362237870403682,1
83,72,29,0.8260616227652189,2282,0.007964404745451126,Kinesthetic,22,3.672013002972056,1
84,89,30,0.6560740283482236,1856,0.9245610553768049,Kinesthetic,18,1.5333072653703006,2
85,70,48,0.6995229730685555,1998,0.4433065095171753,Visual,24,4.407383703355551,1
86,65,4,0.9289931269613529,1236,0.5533801878657476,Visual,11,4.2687642029065636,1
87,94,43,0.5045152020647752,4669,0.2548822489148823,Visual,1,1.0546467418824377,2
88,67,49,0.7942063166703027,4144,0.7425308328404214,Auditory,2,4.582905422060458,1
89,96,13,0.7993569900500538,1150,0.07663580647524881,Kinesthetic,17,1.1157772669734682,2
90,73,10,0.698329888171781,4318,0.8726358025468353,Visual,28,1.9585831398302265,1
91,75,8,0.6185139285541681,1431,0.8281168290063428,Kinesthetic,0,1.1295565511039802,1
92,74,33,0.6173370191307755,1819,0.2160601162447664,Auditory,19,2.343373948157264,1
93,94,11,0.9418548348303764,2324,0.8093243982852624,Auditory,20,3.0554661028530865,2
94,90,34,0.7210121868914288,1130,0.7863577330614815,Visual,28,4.186579476060553,2
95,78,34,0.665444681494586,2658,0.632216597753949,Visual,5,2.3519262018793445,1
96,64,0,0.7243887869157015,3500,0.37352017689968753,Kinesthetic,4,3.821960098692467,1
97,94,39,0.8346952007296806,374,0.27149875418186786,Visual,0,1.7500178284759214,2
98,50,21,0.5728782841223758,2120,0.23178359028935003,Kinesthetic,18,4.002393826976506,0
99,74,28,0.7247169176068688,4020,0.3186089627636072,Visual,0,1.9439864236369502,1
100,56,7,0.7939421855551935,2021,0.9035584434325303,Kinesthetic,26,1.5741790237750717,0
101,58,10,0.9742916774257169,3705,0.07764077598878127,Kinesthetic,20,1.7416354014962172,0
102,73,40,0.6262638910377096,3259,0.8288712762529586,Kinesthetic,20,1.7282525155274215,1
103,50,36,0.6796253739581228,3435,0.34889007504182357,Kinesthetic,15,3.0514515175079646,0
104,93,13,0.6896792949612118,1889,0.5215993960113582,Auditory,11,4.379190324752584,2
105,57,29,0.8027690788224414,1823,0.7944856336484907,Kinesthetic,26,1.3184203079700225,0
106,73,34,0.6783660265200009,1474,0.8843765470229713,Visual,28,3.8278252739736907,1
107,60,20,0.7667559626498478,2242,0.344781420072647,Auditory,21,3.6173858386114306,1
108,66,36,0.8908951649225147,3243,0.4618434812751103,Auditory,7,4.49007980731745,1
109,57,4,0.8526927970561018,3134,0.41451606481679226,Kinesthetic,25,1.976590242027629,0
110,84,18,0.7231843232562928,2070,0.013251033503910548,Auditory,15,2.8004394347401185,2
111,84,13,0.9321080888370845,359,0.2959428888586566,Kinesthetic,27,4.70330949777407,2
112,82,25,0.7790701247969314,2041,0.4591892337325618,Visual,0,3.6399738005412687,2
113,54,3,0.7699529197511062,1141,0.4110936088804398,Kinesthetic,3,2.5550736514463877,0
114,91,24,0.517093882969579,1635,0.7219292275156795,Auditory,9,1.5256495314210738,2
115,88,44,0.9933464901785808,4000,0.38480361722110323,Visual,10,2.049940031602364,2
116,90,41,0.5614854042648134,1943,0.48937644897067023,Kinesthetic,16,3.324861909957533,2
117,77,24,0.6155654562138233,4774,0.42960859213236335,Visual,24,3.872671790242055,1
118,56,17,0.5258484186207635,3361,0.7406261488943705,Visual,26,1.497687547407574,0
119,58,39,0.8200014834184568,2980,0.8629723989869625,Auditory,22,3.398389040176216,0
120,57,7,0.61235058848634,6,0.5318890790075141,Visual,6,3.201405115355004,0
121,61,38,0.5900052187363618,3267,0.7894321941951912,Auditory,11,3.055821786762832,1
122,83,39,0.5442777921116206,1591,0.2967866820198506,Visual,20,3.760492470728032,2
123,82,13,0.5516544785620079,4928,0.5413696101572687,Kinesthetic,6,4.349798380333848,2
124,97,31,0.7923353502212944,3264,0.34522995366997244,Visual,11,2.2919587327074735,2
125,72,37,0.8441039329332978,2606,0.4142009255718303,Kinesthetic,14,4.556048760443838,1
126,73,32,0.6986894942322005,3219,0.7324138648126686,Kinesthetic,1,1.6425344504742028,1
127,86,22,0.7399485407960367,3273,0.8816624823327127,Visual,13,1.6920954790046574,2
128,84,14,0.842983867991492,913,0.12149539108776541,Kinesthetic,12,2.0670882544956957,2
129,93,32,0.5086898950927399,2011,0.6346392564873805,Visual,3,1.4781234781883112,2
130,89,24,0.6615653285351393,1442,0.5821438075777985,Visual,13,1.9212768987315103,2
131,71,16,0.9865488740351732,3054,0.11841503917593188,Kinesthetic,13,1.4256470516113784,1
132,76,32,0.7900561148477341,3546,0.21189433044010908,Kinesthetic,15,4.287009667941561,1
133,84,46,0.6271122899487467,4221,0.31100249473268027,Auditory,6,1.5558759675464984,2
134,50,1,0.7608650233181066,4912,0.16693107081750147,Kinesthetic,18,3.9891902302394273,0
135,84,13,0.6713267440604577,2928,0.2437294825243418,Auditory,1,1.191655471653335,2
136,86,39,0.7661224944131495,1829,0.2676007988617075,Kinesthetic,9,4.7940813100556605,2
137,96,39,0.5628707559033244,575,0.3356738330390596,Visual,17,3.8446403501110646,2
138,63,38,0.5663573269096387,929,0.749390452801159,Kinesthetic,28,1.0271861943444471,1
139,52,5,0.5717711810196964,3759,0.5719122038506007,Visual,16,4.055426000800856,0
140,50,5,0.9699098959634209,3699,0.9862466719514015,Visual,4,3.0563276830647412,0
141,54,2,0.8664494591706708,1463,0.414735826967471,Visual,11,4.117460681340479,0
142,75,6,0.5811909473311605,3275,0.753865073836925,Auditory,5,3.089987235562354,1
143,63,7,0.5941745418828007,4928,0.8714684213765338,Kinesthetic,21,3.5640994305414186,1
144,88,41,0.8654147374354382,1054,0.6789784930380419,Visual,8,4.145326621580162,2
145,76,14,0.5780819223960869,1900,0.411864740417496,Visual,19,2.620432218351427,1
146,58,46,0.6172806466674143,1457,0.753594630745753,Auditory,0,1.0108325992818084,0
147,64,28,0.9816734164101995,1399,0.20366713777268486,Kinesthetic,21,4.399785983780754,1
148,64,32,0.6276532623642159,3415,0.3275521651801324,Kinesthetic,14,2.5235614504986503,1
149,75,29,0.8308161751855734,442,0.5466852550992888,Auditory,20,2.9841709040663322,1
150,91,38,0.9893156437002653,3650,0.5754093872861483,Auditory,25,1.0310665686158749,2
151,62,26,0.6871483835698964,4652,0.022141475472629457,Kinesthetic,5,2.968368041400392,1
152,81,35,0.5087579954310311,1178,0.9451141887560087,Auditory,18,4.945949606286918,2
153,88,28,0.6220736452111871,4458,0.69662727121739,Kinesthetic,17,2.1130706432750785,2
154,98,37,0.9154385956708527,1257,0.49570375023189106,Kinesthetic,5,2.5816730809695123,2
155,81,32,0.9323044179775184,3634,0.9331272344083084,Visual,12,3.7487599858747065,2
156,53,36,0.8842596822618956,1841,0.4390955652508285,Visual,0,4.259174670094635,0
157,79,26,0.5565549095382865,2309,0.9804355702703718,Kinesthetic,22,2.669566496024401,1
158,86,32,0.8977551858482016,910,0.5122847572434851,Kinesthetic,22,2.23867548160517,2
159,72,3,0.9593388984967521,4340,0.11428576999797946,Kinesthetic,25,4.751303199940269,1
160,88,21,0.800304771273118,4637,0.7648009724592773,Kinesthetic,12,3.708579866686677,2
161,94,1,0.9704376781690325,4009,0.6788977250778405,Kinesthetic,6,1.4760852179725643,2
162,64,9,0.9134194418559387,2169,0.7729867213055868,Kinesthetic,14,1.2757115125385945,1
163,92,4,0.8334857584954536,2172,0.9514420287256811,Auditory,11,2.934199403161476,2
164,78,9,0.788592618355874,123,0.7764893026510181,Kinesthetic,26,1.8803602641890897,1
165,85,32,0.6742868336209853,3158,0.6113366022166469,Auditory,25,2.015939013505014,2
166,62,37,0.5796437226214026,785,0.8573089023608409,Auditory,0,4.510768715311393,1
167,81,12,0.8024769613452705,2416,0.6732464393545315,Kinesthetic,14,1.3582640972652427,2
168,56,30,0.6590557768090597,796,0.4081190568259231,Kinesthetic,3,3.8614564609155586,0
169,71,46,0.9332193337638227,4172,0.8856197642417732,Auditory,12,2.0845690135223522,1
170,77,35,0.9966684686793142,4154,0.22190046078437287,Auditory,22,4.04131288561655,1
171,51,44,0.8762138813077862,1936,0.7146412749087242,Kinesthetic,26,3.8896455378541783,0
172,91,23,0.5452408476435253,2156,0.8815634549407569,Kinesthetic,24,1.029567605777172,2
173,94,14,0.6443427977653191,3807,0.7313165197032963,Auditory,4,3.0365416516863966,2
174,55,28,0.5545548158828748,1301,0.6972754190538569,Auditory,28,1.5572779295121855,0
175,77,7,0.8252558238958578,4163,0.752638294071836,Auditory,1,4.464908122314707,1
176,77,4,0.8825954322778924,3140,0.4650552483006444,Visual,22,4.486343531449626,1
177,93,28,0.9628374154403558,3236,0.874170682157026,Auditory,25,2.673383229975032,2
178,93,46,0.7190861732059939,2352,0.2034364751360912,Visual,0,2.777582473804322,2
179,69,3,0.9506878247942221,1932,0.1273864160003393,Kinesthetic,15,2.2131317576181084,1
180,79,11,0.9389455795206638,2721,0.28550878011851155,Kinesthetic,22,3.866425195840124,1
181,60,44,0.6585978583826992,364,0.5315773967749932,Auditory,5,2.4346454521058365,1
182,77,1,0.9344503127702855,4916,0.5105617954093381,Kinesthetic,22,2.071169898090535,1
183,74,26,0.6878361259408632,2390,0.8205987576765866,Kinesthetic,15,2.728924238018033,1
184,88,30,0.6484346372801404,946,0.4045686564040174,Kinesthetic,13,1.3659500735498349,2
185,82,35,0.8245373293971965,1377,0.48434442629150865,Kinesthetic,28,3.9864128185768153,2
186,50,35,0.6641906139425405,1439,0.013367683259395635,Visual,25,1.0503856050871478,0
187,76,25,0.815104374164572,3180,0.4097392364429391,Visual,2,3.5779402460823757,1
188,62,42,0.8049159027493473,4857,0.6477742329503421,Auditory,14,1.7314581070194897,1
189,90,26,0.7817194636742294,340,0.015508330626592182,Auditory,2,1.9296161848576525,2
190,52,4,0.6902098521163988,2989,0.28088196518624375,Auditory,22,3.5425279945601598,0
191,88,19,0.7742498608257384,382,0.20795635928938994,Kinesthetic,28,4.971773863131629,2
192,55,10,0.7982427374927108,1556,0.04198542890958823,Kinesthetic,1,4.110869956290203,0
193,57,9,0.7728434442477368,299,0.4792600899145375,Visual,0,1.903358528893568,0
194,76,39,0.7222097263756008,138,0.1817232932281565,Visual,8,1.7040990201645352,1
195,58,37,0.507333528523132,358,0.7430815396313801,Auditory,8,4.464931481070682,0
196,86,5,0.7935308538505754,4931,0.8479278837633485,Visual,22,2.776735791686017,2
197,82,7,0.5842221925713598,1522,0.5455851826691478,Visual,6,1.5482112113126218,2
198,91,22,0.8212879844735947,3456,0.9817073425211416,Visual,2,4.448845693287753,2
199,93,46,0.879672163961433,1627,0.45047857147059533,Visual,25,4.264369411657046,2
200,73,25,0.7502226545653707,1303,0.5133682102249155,Visual,17,4.935625455588655,1
201,64,45,0.7711818324898692,1134,0.9892177539577501,Auditory,10,4.638974746850735,1
202,81,42,0.9757392798329956,2186,0.23154843596504882,Auditory,6,4.407161354642167,2
203,81,11,0.9235836806862872,3170,0.9425459396769053,Visual,8,1.2102975912440126,2
204,73,25,0.9571182579757349,3835,0.042837555119113246,Auditory,0,1.417661477992472,1
205,90,12,0.9068831441597932,2151,0.4463868902631948,Kinesthetic,28,3.2759327772164912,2
206,98,39,0.5544591709233657,1237,0.07000351213306577,Visual,13,3.1259169851272834,2
207,98,17,0.5744959279850974,3735,0.729234742913643,Kinesthetic,19,2.831852857958142,2
208,61,24,0.7633118986344798,2834,0.6084089358800178,Auditory,5,2.587157301658337,1
209,88,32,0.6230348293989991,4260,0.7066342634675964,Auditory,6,2.7248419394573156,2
210,51,46,0.7383477375205796,998,0.37448039996801696,Kinesthetic,9,3.277191736539181,0
211,52,39,0.6971826619091751,2567,0.3694819340313803,Auditory,6,1.0083060704003248,0
212,98,42,0.7747071192152266,1307,0.045319278960894605,Visual,25,2.042835096531409,2
213,86,11,0.8734378580679114,656,0.3499449395296398,Kinesthetic,1,3.0731188827548443,2
214,98,43,0.8577454535496372,2660,0.9292884022620594,Visual,29,3.888864394694585,2
215,66,35,0.7606170662426672,2211,0.37922653718044896,Kinesthetic,3,1.6966267695815853,1
216,98,47,0.911196709408529,1909,0.83136770622197,Auditory,20,3.187524695149732,2
217,51,3,0.7154310457690167,3730,0.8423255047499341,Kinesthetic,29,3.857838735543127,0
218,51,4,0.9483571449200612,2046,0.37324115637923383,Kinesthetic,27,2.7785106316556187,0
219,77,36,0.5356401350275819,3162,0.631988680396189,Visual,16,1.1083245346802042,1
220,72,7,0.9773300150166537,1140,0.09537160227305863,Auditory,0,2.797072633862547,1
221,86,41,0.8273465407156742,266,0.1036785807342765,Visual,9,2.1857795509766125,2
222,81,48,0.6900372544686026,1845,0.04865766366171331,Auditory,18,4.718598430805313,2
223,82,27,0.5985770632864387,1708,0.5810150933751095,Visual,14,1.4984535427133094,2
224,50,30,0.7395916147218,3630,0.426070977626097,Kinesthetic,9,3.6099038220289286,0
225,68,8,0.5972791615926505,3211,0.5480323566642401,Visual,18,1.2108790653380046,1
226,51,28,0.583165803871571,2293,0.5210731905083879,Auditory,11,2.784681751250786,0
227,93,13,0.8086758787064872,3732,0.3502029910907303,Auditory,23,3.2159179488803225,2
228,75,39,0.7615423622908923,3829,0.6774734148234729,Kinesthetic,15,2.191819725267462,1
229,81,40,0.8350480173054708,1510,0.7585018809163907,Auditory,8,2.8203025420815377,2
230,55,21,0.9648029387109947,475,0.014628258877675715,Visual,14,1.6542151781207495,0
231,81,10,0.7661301066695201,976,0.2072422997688783,Kinesthetic,29,2.2164953978721447,2
232,53,22,0.7904660266313989,1207,0.7132358680833368,Auditory,26,3.484425299640812,0
233,60,0,0.5448131695774711,1960,0.3866201726338342,Auditory,27,2.2072002234446204,1
234,66,45,0.8588178929543148,557,0.6624839469416082,Visual,16,4.598972313635487,1
235,87,36,0.6999526034020781,882,0.3469626597345584,Visual,13,3.513627830563959,2
236,73,20,0.9883626193312894,2194,0.3907551523296371,Kinesthetic,26,2.754596073743938,1
237,54,25,0.9115870077978301,4761,0.15867887368968492,Auditory,17,1.1550277422167299,0
238,83,45,0.7612405202580592,2667,0.25823101966616,Visual,25,2.998193340818685,2
239,55,35,0.561611327086083,4959,0.6054117575075872,Kinesthetic,1,4.059104968500357,0
240,71,22,0.9297078966402945,4677,0.4331631113151664,Auditory,3,2.0622303920496545,1
241,60,0,0.8998905477120108,4790,0.7743026829445951,Auditory,17,4.22709427859507,1
242,97,39,0.5922925647685164,1610,0.8525849549383427,Kinesthetic,6,2.007227064203526,2
243,65,14,0.647639144610155,3488,0.5416464182167599,Kinesthetic,12,4.294985551803202,1
244,82,20,0.8967036290739187,2454,0.7582672920560591,Visual,14,1.3410733664467096,2
245,58,46,0.5926142232737048,4494,0.30690451319457,Auditory,24,4.4647348354761185,0
246,55,8,0.9588762445856887,1946,0.4149712154000782,Auditory,22,2.996745803733322,0
247,65,8,0.712263712598181,4810,0.712777676216831,Auditory,27,2.186150358481048,1
248,78,9,0.5435194812938293,4799,0.38621199281703067,Kinesthetic,21,2.060453001660595,1
249,52,25,0.9078743217521404,2808,0.5885049351589888,Visual,25,2.7280422357214507,0
250,69,40,0.6867548415191937,3825,0.18537277908251149,Auditory,0,4.996197992414579,1
251,85,34,0.7632495970768904,3536,0.599771314970498,Kinesthetic,10,1.8813095737503303,2
252,68,24,0.5561521722056095,3802,0.8615137072268936,Auditory,9,1.4128665955159985,1
253,75,25,0.5012920074224911,4177,0.8686396398234256,Visual,24,3.3401406748746476,1
254,52,10,0.8189926028966488,4699,0.7243444063295397,Auditory,4,2.9541698657610285,0
255,68,37,0.7575875851668659,1970,0.745753379076126,Visual,15,3.0967850842532294,1
256,69,1,0.7967692845615736,3822,0.5579274451507007,Visual,10,3.6677416702288683,1
257,81,6,0.8968719251902582,2819,0.5846680901658248,Auditory,20,2.0685762794825973,2
258,56,17,0.8233029567114301,902,0.133650581410518,Auditory,5,4.642659981535553,0
259,90,26,0.5873867214136885,364,0.4438591884213011,Visual,8,2.7426882644891615,2
260,82,33,0.6803862595552999,4258,0.4507762838863638,Kinesthetic,12,1.5163447805698471,2
261,89,26,0.9529455523938801,3119,0.9584978356677402,Visual,23,3.969195026935777,2
262,88,16,0.8849723501258395,2558,0.43108686262328944,Auditory,7,3.572417410471401,2
263,67,42,0.7783185289683586,1863,0.5493426449027576,Auditory,13,2.2629736099361484,1
264,89,43,0.6278224989046362,115,0.5332513992791025,Kinesthetic,23,3.486074896136194,2
265,50,23,0.6510302509173975,2384,0.6367617170443272,Visual,0,1.8794478254759075,0
266,60,24,0.8659790337928173,4976,0.7482328313318959,Visual,16,2.779357437362118,1
267,77,6,0.9255871304263854,3935,0.22504187617087212,Visual,23,4.597650088669301,1
268,74,5,0.8357123347653073,4935,0.5287244190984357,Auditory,4,1.5341369326429977,1
269,99,23,0.9047649878842209,2490,0.8259177073160304,Visual,24,2.546785799949848,2
270,72,32,0.883328067600203,942,0.46311471383751146,Kinesthetic,1,4.2845696988813895,1
271,80,48,0.5748519839784789,1724,0.278457546373573,Auditory,24,4.877963597624713,2
272,79,28,0.711972406456651,2334,0.6547090753562991,Auditory,27,2.8157045456871836,1
273,91,42,0.5764919004142813,2767,0.823767395799123,Visual,29,3.0279984805733897,2
274,84,21,0.6176177924009925,1137,0.06314029292739132,Kinesthetic,23,3.288687847135079,2
275,56,25,0.9346298123255263,2527,0.7767904834072271,Auditory,8,4.729392566534843,0
276,65,27,0.736445982816591,4117,0.8216479329617712,Auditory,3,4.432827163908119,1
277,75,49,0.7676790509213305,3420,0.4615229275886068,Visual,16,1.6824044984865774,1
278,97,20,0.5892229826138861,4778,0.9833056568184674,Visual,16,2.7470312713883,2
279,98,48,0.656135893024398,3906,0.7867083407073091,Kinesthetic,20,2.856001712785705,2
280,51,6,0.615123084213935,3637,0.7736625648956658,Visual,17,4.156384446595027,0
281,50,16,0.6030930822592132,2953,0.7478385744120718,Kinesthetic,15,3.411571530421741,0
282,97,19,0.818980396657985,2367,0.150608103218274,Auditory,29,3.616881848116052,2
283,61,40,0.6284419238228574,4221,0.2172308864530108,Kinesthetic,7,4.9927996306624705,1
284,54,48,0.8160077430102093,276,0.463990131464425,Kinesthetic,25,1.2998401738800522,0
285,86,19,0.529227307054277,1999,0.26400434995946587,Kinesthetic,10,1.892039294134932,2
286,81,21,0.5708871967635509,1227,0.41524097233404045,Auditory,20,2.6315837494861873,2
287,58,27,0.6372701270000627,3752,0.8884641099229207,Visual,20,2.3911296121955488,0
288,90,39,0.7985234584478458,3735,0.8243268918792692,Auditory,17,1.0865822453879344,2
289,84,48,0.8379206225436879,695,0.6300398784799822,Visual,22,1.3671104258847033,2
290,68,6,0.7213584833897635,1309,0.8581203942511035,Kinesthetic,28,3.7238131656143048,1
291,97,0,0.7228954572886145,4152,0.7837723890172492,Kinesthetic,23,4.517297853450243,2
292,65,31,0.8622584256993091,3234,0.4289849318408905,Kinesthetic,9,3.0569080450639103,1
293,52,12,0.5079105458827913,4114,0.20106515204994513,Kinesthetic,12,3.156764318054532,0
294,69,29,0.6705450122371103,2311,0.5142010400093392,Kinesthetic,16,2.0203737313295176,1
295,73,22,0.9093535285596164,2841,0.7362288825285501,Visual,17,4.0715054545348455,1
296,82,18,0.8016097051066862,4208,0.436419598729593,Visual,9,4.007178349469026,2
297,73,31,0.6686135663777102,3559,0.6667719097838972,Kinesthetic,15,3.3534627568706266,1
298,60,29,0.9527623961648369,3398,0.09432742629104363,Auditory,19,1.8506571460453713,1
299,98,28,0.8863113637246913,541,0.7480047363714034,Auditory,4,1.3880728729483578,2
300,57,48,0.6324477236183668,2694,0.812713619893062,Kinesthetic,12,1.2569543034285036,0
301,85,44,0.8226449187628584,4674,0.7068378557805411,Visual,17,3.370784266571511,2
302,87,28,0.7978753640944783,1088,0.9672635875263655,Auditory,16,4.3001412765712,2
303,89,29,0.7005939570194913,3363,0.8266520574606404,Auditory,8,4.433321727123699,2
304,69,15,0.6834780396024003,24,0.9030937278765383,Auditory,13,2.8544882973737993,1
305,84,39,0.671780237387852,1572,0.933571083457648,Kinesthetic,16,4.137085197226868,2
306,97,18,0.8085778916978235,2958,0.8013479918738086,Auditory,28,4.787520785364094,2
307,74,17,0.7212049682403348,4236,0.6742588420064991,Auditory,3,2.100680449952272,1
308,84,0,0.915931556625711,1767,0.005718581360789288,Auditory,17,2.5918413855230287,2
309,74,13,0.8348013080669809,4743,0.4658257532231247,Auditory,26,4.725915970386723,1
310,78,46,0.5349658028547171,2235,0.571162298622361,Visual,19,2.3529238692691394,1
311,67,49,0.820084111914083,200,0.3040302724479996,Kinesthetic,23,4.655505161287185,1
312,95,1,0.6355737182500925,3198,0.31810444690347206,Kinesthetic,23,4.924179449017863,2
313,67,27,0.7964059958267113,256,0.9611594157101652,Visual,14,3.6472429142976988,1
314,51,48,0.8400659655517257,3747,0.8917108652027459,Visual,10,4.267561158016673,0
315,84,49,0.615414594577006,4642,0.8491790055017042,Kinesthetic,11,3.998182256884341,2
316,65,29,0.7284293224401843,2241,0.4060118017061106,Auditory,8,3.798137030462095,1
317,90,37,0.5951624314095338,3175,0.013698550408914545,Auditory,12,2.2277242919249303,2
318,85,3,0.5261694378932542,3606,0.08022224645571407,Kinesthetic,14,1.2283773516317749,2
319,82,0,0.6892382117429345,3336,0.31219636821760366,Auditory,26,2.3722069300786024,2
320,53,7,0.681472135922996,4897,0.015742912995676983,Visual,14,3.6677439408156265,0
321,82,28,0.9977402453521285,413,0.017149781915198115,Auditory,27,1.4101167929112055,2
322,63,38,0.7231761755988211,2014,0.916603301642411,Auditory,4,1.0476719319129684,1
323,70,2,0.6667847747361002,1381,0.7061585021190541,Auditory,22,1.5587694904117546,1
324,97,31,0.7902375033583373,1098,0.30895599006815266,Kinesthetic,18,3.8629437056431812,2
325,69,9,0.5443836970538842,3426,0.13264457760095316,Visual,25,4.891174806625775,1
326,57,9,0.9808328679774065,3655,0.5116357178950771,Auditory,19,4.932258798459282,0
327,56,18,0.8174800227955166,909,0.005346160854364457,Kinesthetic,25,2.9759165965607517,0
328,52,45,0.8774189099704239,187,0.938413743858144,Auditory,24,4.47740920396939,0
329,66,33,0.5852389690869588,4044,0.4148151193889472,Visual,25,3.9473058230060163,1
330,82,32,0.704738926502602,3756,0.40233495523733276,Auditory,25,3.0041609479384137,2
331,97,22,0.7113445566980947,2015,0.3905936075817822,Visual,13,3.291042131820347,2
332,61,27,0.9109032219505434,2092,0.06932833038776476,Auditory,27,1.5489085864674843,1
333,71,31,0.5006183398797047,3644,0.6383222397918266,Visual,16,4.750645842466368,1
334,71,49,0.6504265541766275,2130,0.7330036196283534,Auditory,17,2.407719082927107,1
335,95,6,0.990618187172152,357,0.6761253975882903,Visual,20,2.784597025828678,2
336,79,28,0.7374432717531093,2422,0.1384354933293943,Auditory,2,3.686640923991595,1
337,87,7,0.6912631401220042,4257,0.5788401680355926,Auditory,1,2.335609886106216,2
338,87,0,0.5599145010088231,4545,0.5694844841722538,Kinesthetic,0,2.017036643955722,2
339,94,2,0.9870823143140077,1497,0.868410787941382,Kinesthetic,9,3.5241975730808823,2
340,57,23,0.5100131779629122,2158,0.379127658375647,Visual,18,1.0999363291273978,0
341,76,22,0.8685901125036215,2555,0.3714859436594342,Auditory,16,3.8829004481067155,1
342,76,7,0.8842999023942542,2342,0.6185270587181856,Visual,11,3.056093479506039,1
343,83,46,0.6218283580319333,2951,0.633072653499513,Kinesthetic,0,3.4230149220837376,2
344,70,36,0.8357792218065186,1238,0.46928522732579037,Visual,11,3.5275206369875405,1
345,79,2,0.546464572189695,973,0.4430593623304211,Visual,16,3.108200625970255,1
346,82,32,0.62852363321604,4727,0.4941476706378827,Kinesthetic,23,3.330135109762944,2
347,77,27,0.8939509941461325,3965,0.8610452995033119,Auditory,2,3.7351528035594983,1
348,96,46,0.9323430960167701,1050,0.46116690125391,Visual,10,4.012475388718697,2
349,82,7,0.8042432063298957,3701,0.9399317919698225,Kinesthetic,16,3.909809565144482,2
350,54,33,0.7534192159102413,2780,0.504003763596326,Auditory,22,4.478465830929046,0
351,97,34,0.5796520103094902,1588,0.9492006931808914,Kinesthetic,25,1.757773732669611,2
352,68,31,0.5315545165395751,3878,0.8328319018690757,Visual,2,2.60459187796719,1
353,53,23,0.5588245142367794,2368,0.3624313226158291,Auditory,7,4.791184264057828,0
354,84,13,0.6136786500480493,436,0.863641421296616,Auditory,19,2.586362297545319,2
355,98,31,0.6708372509484604,2828,0.11006328420111522,Kinesthetic,3,1.4994803076236907,2
356,66,45,0.6904547627554936,1556,0.9250471753430145,Kinesthetic,20,3.101780505448718,1
357,93,42,0.6731608842945018,3858,0.6316435150828916,Kinesthetic,21,1.4379638902178487,2
358,77,15,0.6195276660986329,1304,0.05439074852231118,Auditory,6,1.8114129549114608,1
359,79,3,0.754862123375849,2384,0.6442567236508115,Auditory,13,4.993275026283827,1
360,78,36,0.9126430541164484,182,0.9742476541447561,Visual,13,3.165450553584528,1
361,95,20,0.6398517692357396,1589,0.06980065461462892,Auditory,3,2.136233556161716,2
362,55,13,0.9711935095511166,1587,0.5546877097800863,Visual,15,4.979099818295625,0
363,84,30,0.9366683308619239,659,0.7477943497593724,Kinesthetic,23,4.866235674220572,2
364,90,47,0.5808821056760548,159,0.8102585866995313,Kinesthetic,28,2.762956164337054,2
365,86,17,0.8931379783785472,3953,0.41382746532079584,Auditory,21,2.0416124351516336,2
366,73,6,0.7872936911588833,1011,0.204166559168243,Kinesthetic,29,4.35359855236876,1
367,78,9,0.7832876810857092,52,0.042342278772383835,Kinesthetic,0,3.862482867887143,1
368,98,6,0.6955213815290873,2307,0.5797261570972247,Auditory,16,3.7477657400140414,2
369,95,32,0.7505764995910049,1228,0.4529110702676108,Visual,24,4.57245496528989,2
370,80,22,0.6985893887146055,1035,0.948744395149711,Auditory,9,3.7576685354852986,2
371,84,20,0.7698663093799714,3702,0.060604907714909784,Visual,21,2.1351917721661966,2
372,82,18,0.8139750263863179,4045,0.6853953434460057,Auditory,15,3.775452647502929,2
373,70,47,0.8371519032045243,4945,0.02496622212005717,Auditory,15,2.223254045134656,1
374,81,18,0.7662405962797131,4449,0.17143417671054273,Kinesthetic,25,4.03695591862798,2
375,72,35,0.8607110336643659,1264,0.4535789999228341,Auditory,7,3.478991417966264,1
376,82,28,0.5706390246377528,1884,0.4548724428028682,Auditory,28,1.3096462079390023,2
377,52,17,0.6059912454511193,1809,0.6857005429336439,Visual,6,3.051341449740568,0
378,67,1,0.909367502037135,3167,0.9102130348677566,Kinesthetic,27,2.3732038767829637,1
379,74,0,0.6612639889232076,3797,0.6390321589149208,Visual,5,2.314282530929177,1
380,91,46,0.5114469124880601,2341,0.9535350978515088,Visual,15,3.409025209509029,2
381,80,4,0.5768955748340155,3414,0.8816156398779976,Kinesthetic,19,2.2892992978776996,2
382,52,19,0.6118072172481557,817,0.5844997955307902,Kinesthetic,15,4.10757499281949,0
383,89,10,0.9786614439472936,2437,0.8337919509188273,Kinesthetic,6,1.2831657440446977,2
384,95,41,0.7865207144654247,888,0.642577610323634,Auditory,8,3.6415530095833017,2
385,73,1,0.9663653702381274,667,0.07855783092372715,Kinesthetic,13,4.236779214626965,1
386,99,2,0.7875816752483125,4728,0.74056472325951,Kinesthetic,10,3.6913267596817203,2
387,81,22,0.7396772200689259,2624,0.09490844126734621,Kinesthetic,25,2.988916780079983,2
388,96,11,0.656863845597048,4232,0.5940827805697124,Visual,25,4.801228054944724,2
389,71,19,0.8031854722166878,4523,0.7026402058582288,Visual,13,2.1997539591922544,1
390,72,4,0.5695990123087649,818,0.06652760821085524,Auditory,6,1.0766715500999111,1
391,51,36,0.949130813646353,2188,0.23079465392653176,Visual,0,2.7279574858537634,0
392,76,37,0.9146662025706418,1106,0.9156722322616498,Auditory,25,1.132047743601309,1
393,91,29,0.6587657239383685,2224,0.6163144922328964,Visual,24,4.815747010105635,2
394,51,8,0.9763987638006472,197,0.24628601881053158,Kinesthetic,12,1.839672182992206,0
395,75,33,0.9126003837077841,2671,0.6906797711480066,Visual,19,4.155708095795518,1
396,66,43,0.8331534429175198,3492,0.5967764199616896,Auditory,2,4.098288332697459,1
397,89,34,0.5608809555626374,2448,0.5015756999179484,Visual,19,1.870915598731734,2
398,82,21,0.7391170115240362,470,0.9761869749880837,Kinesthetic,3,3.484906121920669,2
399,58,43,0.7530537774233754,1948,0.6834537774075089,Auditory,28,1.1923158739458009,0
400,92,23,0.61627567918269,3899,0.37544110966791266,Kinesthetic,25,2.93429834281547,2
401,97,16,0.539982697179651,2010,0.800073432076868,Kinesthetic,10,1.058588509089947,2
402,88,9,0.8883618152358463,3800,0.8845832929211878,Auditory,1,4.684575520723367,2
403,78,29,0.5610175260621975,4118,0.12522055951683142,Kinesthetic,13,4.904344096798287,1
404,91,45,0.7971453752808874,3796,0.2005529778452665,Kinesthetic,11,1.889131066554341,2
405,75,22,0.9682245869418302,3988,0.2162270091277797,Visual,29,1.8324241383854911,1
406,84,31,0.9380525962990213,234,0.6912118093865404,Kinesthetic,16,4.014880706248519,2
407,99,16,0.6388763118746306,928,0.6030395550532833,Kinesthetic,11,2.013517595317338,2
408,74,49,0.9257243187756327,3607,0.6189915646985882,Kinesthetic,25,4.58030623664738,1
409,73,16,0.5001662530602446,522,0.940773299689501,Kinesthetic,11,3.295716544491929,1
410,62,13,0.5088439048066287,3523,0.775911532807306,Auditory,0,2.4031104920412485,1
411,56,8,0.8012765819214325,4526,0.12793692451178318,Visual,12,4.33077498539768,0
412,85,39,0.6823991095722648,4888,0.347507082425181,Kinesthetic,13,2.9736268016535807,2
413,94,1,0.6932304205795736,1629,0.4353936461757356,Kinesthetic,23,4.646531654833902,2
414,69,44,0.7822205453394413,4628,0.3959615887476049,Auditory,29,4.712056946917524,1
415,50,24,0.5958912277959303,1316,0.6693086091618792,Kinesthetic,1,1.6616806085136373,0
416,57,38,0.6058776753327392,2857,0.8918931032565626,Auditory,11,1.009293624527721,0
417,95,8,0.7423007935094323,1124,0.306051463522788,Visual,25,4.9357237605696085,2
418,65,21,0.8771267721719316,2587,0.5518771364211856,Visual,20,4.624550144509918,1
419,63,42,0.8097488757037938,1023,0.7894094219135857,Kinesthetic,27,1.2217809428153656,1
420,61,45,0.6486775241184195,1378,0.41621805884534935,Kinesthetic,15,4.33213705576428,1
421,72,3,0.7151685887544605,3374,0.16811812839929585,Kinesthetic,3,2.8312197302368265,1
422,64,25,0.5853323792749991,1519,0.47495096526374825,Auditory,7,2.035846420099901,1
423,77,28,0.5373149071685408,226,0.05522252074302847,Kinesthetic,1,4.514986094707719,1
424,83,44,0.8913480203720746,4968,0.9423834540022769,Kinesthetic,9,1.786668929561229,2
425,51,33,0.6326937045940972,891,0.07482120519497304,Visual,8,4.789199997680267,0
426,81,22,0.588883193925624,4072,0.43845671525057817,Kinesthetic,22,1.8224859507973643,2
427,72,36,0.8458090277846597,2257,0.5298812610885262,Visual,14,3.454732750914974,1
428,71,10,0.809025837143593,2788,0.9853038322872855,Kinesthetic,12,1.8923453381158994,1
429,74,5,0.816594813006732,396,0.16602182364286078,Visual,22,3.182674659874539,1
430,71,17,0.6144473024233068,2078,0.11443151861235856,Kinesthetic,16,3.7359005196605652,1
431,71,20,0.6163227692813404,4744,0.008706147062543579,Visual,29,1.7609117232805502,1
432,98,41,0.6104013148928196,4424,0.1555714368693023,Auditory,15,3.083543130802717,2
433,91,35,0.5868762978311473,3237,0.20727297906766762,Visual,27,2.876238977560476,2
434,55,40,0.8278618362808281,3893,0.6305809415830923,Visual,1,1.284149685613365,0
435,64,37,0.9240079426247008,2005,0.2197067903914004,Visual,19,4.273231270701212,1
436,92,33,0.8621587348383306,2016,0.02052081472932521,Kinesthetic,19,2.342729602571367,2
437,86,16,0.8960468168802715,3171,0.8266183455024887,Kinesthetic,26,3.2983287902075182,2
438,82,36,0.7023992145425999,2668,0.36559570100396677,Kinesthetic,13,3.0591369397325376,2
439,57,24,0.8270378976859991,1878,0.35369668658073394,Auditory,2,3.053042018281769,0
440,93,37,0.6771181202223873,1196,0.30247902916792657,Auditory,22,1.4288895768339498,2
441,93,11,0.76275231098432,1772,0.9753732771464209,Visual,11,2.693928036997331,2
442,54,22,0.7408174232674312,161,0.17011541730928148,Auditory,7,2.809467036826281,0
443,88,41,0.5884435725719273,3976,0.8982380639532351,Visual,1,3.934571361457794,2
444,53,21,0.6935393801678154,1751,0.776803332139888,Visual,3,4.360075327682794,0
445,55,20,0.9819111377411756,775,0.07647995549931308,Visual,13,3.179929112400072,0
446,94,26,0.624290128857471,939,0.9867291015008487,Auditory,15,1.347131816259962,2
447,81,30,0.5669018681397444,3220,0.27136596353901055,Kinesthetic,18,1.947397882386185,2
448,79,5,0.7092903108119677,539,0.09858292702241234,Auditory,1,1.6597361074109243,1
449,96,26,0.895168867930074,4917,0.8293142341257594,Visual,11,1.498460252756499,2
450,84,39,0.7910741148899861,1461,0.7066755336776999,Visual,28,2.4635971944712303,2
451,89,33,0.8404874136191223,355,0.6172188058779008,Auditory,13,1.9175740086175281,2
452,65,11,0.5948474240873386,3604,0.15598086369893316,Visual,5,1.8732124472460492,1
453,62,44,0.8094740965038607,3323,0.4784961162559619,Visual,12,1.2187726983050706,1
454,99,6,0.6617501974557369,234,0.7805560268872138,Auditory,3,1.0706801791817355,2
455,91,9,0.9171516829773838,1548,0.30362393814384026,Auditory,21,1.4110729705991272,2
456,79,44,0.8146494030053681,2096,0.31168982851504146,Auditory,17,1.6887899176945322,1
457,68,16,0.5994281388876479,4213,0.0031409060481221163,Visual,11,2.7239349153928125,1
458,66,25,0.5323083399220431,2101,0.17424340164537955,Visual,19,3.0420810451953786,1
459,68,20,0.5213166046435164,1673,0.8754056251218343,Kinesthetic,26,1.5623676726934623,1
460,77,27,0.6857042838250704,2100,0.4417464916377071,Kinesthetic,21,2.699133366096745,1
461,75,45,0.6329255683271567,3657,0.984234499234434,Auditory,29,2.366995369303709,1
462,86,1,0.823045061731254,4653,0.39570796357379256,Kinesthetic,20,1.7336945739918241,2
463,75,42,0.7496669174893091,3596,0.7151864547802412,Visual,18,1.0273629925934542,1
464,72,0,0.6330096390026904,3748,0.28191904290472913,Kinesthetic,7,2.868071466086967,1
465,58,35,0.5746188889750881,3173,0.3638096411409335,Visual,6,3.7426069970607974,0
466,61,25,0.5635998813437249,1815,0.19072598759089465,Auditory,15,1.905109336575228,1
467,50,28,0.9323301960702088,3841,0.347062368499395,Auditory,18,1.5272273195867174,0
468,50,20,0.6217389842024337,2005,0.5472375204206431,Visual,5,4.548170977787848,0
469,96,10,0.8258553239554842,4493,0.9917728809792494,Kinesthetic,19,2.100099089951191,2
470,83,39,0.9053429639931332,674,0.6642017130717857,Auditory,26,1.8944504791706591,2
471,81,10,0.807040655592368,386,0.19924595440831405,Auditory,20,4.428387758439664,2
472,97,35,0.9297826158234729,2158,0.04496144159155113,Kinesthetic,10,4.268428396667045,2
473,74,48,0.6961968607642373,2661,0.1263564813145106,Kinesthetic,4,2.7933858820985344,1
474,89,38,0.9781110953244742,2064,0.5625552012730474,Visual,15,2.956955445711098,2
475,94,39,0.5665725020890484,3851,0.7651603288167663,Kinesthetic,6,1.870994819336088,2
476,50,34,0.551074764828769,3253,0.9404192073007469,Kinesthetic,26,1.31320668191823,0
477,65,33,0.8293460731037218,4979,0.015823171996820817,Kinesthetic,4,3.2937273014226442,1
478,88,46,0.9714155707066309,4636,0.5227601415618698,Visual,10,1.3933796863608525,2
479,54,23,0.904441730818164,4266,0.47086735622317677,Visual,14,2.7970981878265992,0
480,71,21,0.5382084297190257,739,0.656055021975704,Auditory,2,4.7619887940520425,1
481,78,4,0.6396838569673582,1401,0.559578854465342,Visual,25,4.8113375566823375,1
482,52,32,0.9651594424189118,3259,0.6870391505824806,Auditory,4,1.9573291461894344,0
483,61,35,0.6265292164003923,2277,0.6580825847491903,Kinesthetic,22,3.4964536801826176,1
484,75,46,0.8905852118934596,3904,0.1170117248579462,Auditory,20,2.8963050564314305,1
485,65,19,0.912566097964352,3923,0.7997179136187196,Auditory,4,4.502740510344424,1
486,86,18,0.7477260517304909,4214,0.12323257571632484,Kinesthetic,8,2.085723457104213,2
487,71,34,0.6931744549241577,3227,0.6985306252091371,Auditory,14,1.0148096273296674,1
488,78,42,0.7250622162098799,2831,0.4161453676406067,Visual,2,1.6502448237256604,1
489,63,16,0.613482347182682,3758,0.5138507345765979,Visual,28,2.398091204677592,1
490,77,44,0.9446954580644221,2512,0.9032980143757106,Visual,5,2.2628845190819544,1
491,54,42,0.7253098283648789,2151,0.8898837264734866,Visual,16,4.165451676491544,0
492,96,33,0.94122972022805,3675,0.8178563056550295,Auditory,25,3.7222426645553512,2
493,98,8,0.552846739953137,2745,0.5101483804563233,Auditory,20,2.198225278459589,2
494,79,25,0.9941376355000657,3866,0.7362398101338331,Kinesthetic,7,2.8309752686648535,1
495,95,1,0.7216365437218091,3764,0.5128970555188094,Auditory,20,1.382236415833341,2
496,54,8,0.5239154101970527,2222,0.8696060824747774,Auditory,24,4.5925857792804035,0
497,61,8,0.5190109241187275,2792,0.4027758332328999,Auditory,10,4.741699297794137,1
498,65,39,0.8731036287409193,1697,0.9702353444148768,Kinesthetic,5,4.919214141523753,1
499,75,16,0.8295177671018403,3462,0.9323227582288776,Visual,7,4.474211323143351,1
500,75,0,0.9010652790637937,4063,0.7416026194517855,Auditory,9,1.6958435507849021,1
501,97,24,0.552683766976403,1524,0.279415884176072,Kinesthetic,23,1.1847859328065153,2
502,70,42,0.5177854335177742,4760,0.1316535887932584,Kinesthetic,28,3.318386909650696,1
503,88,39,0.7542896447237892,32,0.8547034500931975,Kinesthetic,2,4.650420107532442,2
504,85,41,0.6937976157413848,4025,0.16530228613796127,Visual,22,1.7094054466389714,2
505,82,24,0.7309734683354778,2566,0.8542607889973357,Auditory,13,1.0281716584965674,2
506,79,38,0.995794204435137,2803,0.49076500671236045,Kinesthetic,22,4.221984184128978,1
507,86,34,0.9853749788353351,3896,0.4065567838081042,Visual,13,1.307182737146936,2
508,72,2,0.9711576948365964,3709,0.9031907788344291,Kinesthetic,9,2.6548241276401217,1
509,59,49,0.8919213383838369,719,0.6038509825402779,Kinesthetic,11,3.71554934875514,0
510,54,36,0.6774206801284453,4579,0.5766140071297178,Kinesthetic,5,1.9471903418247205,0
511,85,43,0.7060654651313858,972,0.5587659446243977,Kinesthetic,11,1.3358502537869068,2
512,83,43,0.7748080218594622,3718,0.3711695160195314,Kinesthetic,22,4.080084913823315,2
513,80,29,0.9152672282024199,4402,0.7856431035291273,Visual,13,3.5207003395481657,2
514,59,37,0.5343564162591339,4552,0.252798444015773,Auditory,1,4.953961937947219,0
515,68,33,0.7121484429424441,2207,0.938894960041275,Auditory,8,2.377232133279837,1
516,81,11,0.5413088317296344,4426,0.8939852050469608,Auditory,9,1.2470495451607988,2
517,50,18,0.7573287932867558,4320,0.33748032567489816,Auditory,25,3.937400141341183,0
518,54,36,0.9494504120031177,3030,0.7294637698316637,Visual,16,3.0869336754129826,0
519,94,43,0.891242462281969,3575,0.5732231944495915,Visual,16,1.8528157255565403,2
520,53,48,0.613921208771555,3116,0.3376493019992346,Visual,2,4.126915956019038,0
521,65,16,0.9879954247993963,3285,0.9885216479954467,Kinesthetic,29,1.815021943399775,1
522,73,9,0.8336751990232142,643,0.025237345848264203,Kinesthetic,18,2.0426466193317463,1
523,65,48,0.5052138496987015,4711,0.25264603062128665,Kinesthetic,0,1.3701142174668766,1
524,51,46,0.6277067423426097,194,0.5200740611111504,Auditory,11,2.5977291161234177,0
525,98,11,0.6303566499599582,3996,0.5219530034785639,Kinesthetic,6,2.6757168957496757,2
526,77,15,0.53462715314293,488,0.5889330749455641,Auditory,3,3.0582471613931936,1
527,81,23,0.9799132590379644,2204,0.7516761720229193,Kinesthetic,9,3.83585706849511,2
528,76,18,0.7391276472879619,2657,0.6234778305192964,Auditory,12,4.624403714721703,1
529,69,7,0.9479072986859409,3276,0.600281460528037,Kinesthetic,1,1.5509363955512345,1
530,73,30,0.6611077517223142,1102,0.05351446291304329,Kinesthetic,9,1.2173923933946282,1
531,61,20,0.5626167852164136,1241,0.3765302877892983,Visual,20,1.0741249343773331,1
532,99,16,0.737168054953107,515,0.232055739701156,Kinesthetic,21,1.574485512275265,2
533,84,22,0.5569783173571585,392,0.26537011160197543,Kinesthetic,24,3.6317979431265037,2
534,82,36,0.74300775148877,630,0.5543374743403449,Visual,3,3.9099083119859865,2
535,82,15,0.9601485906097038,3716,0.19950531492960843,Auditory,17,4.146022854112489,2
536,92,5,0.7603840709171064,1847,0.29394910101689753,Visual,4,1.9748328476173707,2
537,86,7,0.8082498634475417,2655,0.2370847085173401,Visual,18,2.2235792530460796,2
538,61,24,0.5783192184869042,979,0.9485029432181947,Auditory,1,2.932538582261998,1
539,52,17,0.5218678129399847,4529,0.9446657321710952,Kinesthetic,11,1.252732387440906,0
540,50,24,0.5554039810899035,3402,0.6099415585960517,Auditory,16,3.4445660928449846,0
541,82,11,0.7992657878421828,3871,0.9245224687318999,Kinesthetic,9,4.934940134703031,2
542,89,14,0.5475058494961523,277,0.7858126454683731,Kinesthetic,1,2.4432252455120103,2
543,59,25,0.6879964449706557,232,0.5899478828018088,Auditory,5,4.011389900365536,0
544,92,40,0.775045970229078,1552,0.006435211496795712,Visual,7,3.000135662278432,2
545,93,44,0.6943263993149236,3270,0.772516286079404,Auditory,28,1.511247377441531,2
546,78,25,0.5818419007326507,2409,0.7024883415884688,Kinesthetic,18,3.3289497952103453,1
547,62,46,0.6368956537570533,3512,0.615253653282414,Auditory,10,2.19949707377626,1
548,61,31,0.9641587664242885,25,0.7604243116824717,Auditory,24,1.137612833813833,1
549,80,9,0.8379911377931777,460,0.5129221647747657,Kinesthetic,11,3.539718920470975,2
550,95,15,0.7480239193399433,3764,0.7040832713213391,Visual,8,4.4357293972989105,2
551,51,6,0.5063574449934467,3431,0.9351720867264933,Auditory,1,2.3790790675994966,0
552,99,16,0.9962077002447352,3483,0.3758050158460863,Kinesthetic,7,2.561182188851082,2
553,84,22,0.8357274674473216,1994,0.7081218349006254,Kinesthetic,25,4.564086731868846,2
554,72,25,0.6584612386724724,490,0.4756878180109587,Auditory,10,4.254435253469424,1
555,66,20,0.9396343299989192,1072,0.6743996518139815,Visual,27,3.8598112942071086,1
556,75,21,0.6292158101459091,3173,0.7628933355543641,Auditory,20,1.9951882550125917,1
557,57,6,0.7720082895913758,215,0.04545250043579596,Visual,3,4.6408666198665784,0
558,78,13,0.8180353818649125,1723,0.6466004439486619,Visual,9,1.617663030156852,1
559,75,14,0.6105316857268642,1592,0.22674118440694457,Visual,20,3.5070820776688874,1
560,59,6,0.989198639400298,2606,0.6700325378075668,Visual,19,1.1152047221860748,0
561,75,8,0.8740959529894987,158,0.4683301859338135,Auditory,15,3.5748792252997834,1
562,83,47,0.778906612755535,4781,0.7735527418648872,Kinesthetic,7,2.1085774074934394,2
563,90,7,0.5902972990876505,3313,0.12340081520559643,Kinesthetic,3,2.79870790873488,2
564,56,49,0.5269291034990131,2841,0.6263223516561951,Kinesthetic,28,2.3810582082282123,0
565,53,22,0.6600299162604917,1776,0.2784707289275523,Kinesthetic,9,1.6910270249848396,0
566,99,28,0.8765936679567015,2052,0.8529819953305915,Kinesthetic,11,3.4879231603754963,2
567,94,17,0.6346656491510125,2295,0.9283835056363074,Kinesthetic,28,4.52790222056243,2
568,60,30,0.7697781102477526,1696,0.9963982936790554,Auditory,13,4.836336969129613,1
569,78,29,0.8639735883653716,2993,0.7960074024272833,Visual,15,1.7693854526156603,1
570,85,38,0.5539718573232322,2469,0.7537340704280046,Kinesthetic,21,3.8694910962518936,2
571,74,34,0.8426490080579367,1946,0.21550075886755105,Auditory,17,3.657357466422729,1
572,70,17,0.5459354438550224,3809,0.33600705899010874,Kinesthetic,20,2.37351115829829,1
573,85,41,0.9825648710634982,2783,0.4656825417622795,Kinesthetic,21,1.0763967974149034,2
574,59,38,0.7441970650324699,3644,0.7733810477822497,Visual,20,3.7591649892514645,0
575,86,16,0.5753380538549386,2500,0.9149658650779686,Visual,11,4.781979442238001,2
576,58,13,0.6711918180167733,3645,0.18913910002298462,Visual,17,3.5284804876626055,0
577,73,30,0.7067082246476307,2645,0.9223674846701029,Kinesthetic,29,2.7411708967505364,1
578,84,23,0.8790925055382687,2349,0.695624652354058,Kinesthetic,6,3.1006155764465135,2
579,98,34,0.8717118930383047,1932,0.6107707306850386,Kinesthetic,19,1.7985152306396701,2
580,84,43,0.8059702526686655,3294,0.19984127128193951,Visual,23,4.00217665501495,2
581,97,44,0.5529653562792465,1757,0.055525032809150554,Auditory,22,3.985679320039396,2
582,85,33,0.5757846857938368,1116,0.5684648985079399,Kinesthetic,6,1.5820692015496998,2
583,67,2,0.5468784603227783,2567,0.6515156833288924,Kinesthetic,8,4.511913529998637,1
584,98,36,0.788586391643775,3499,0.21078144935468823,Kinesthetic,0,2.076758957893221,2
585,88,42,0.9385692207557019,492,0.5564562058254564,Auditory,25,4.9290242437464595,2
586,81,39,0.7169002561273858,3306,0.8564934027625736,Kinesthetic,5,2.531612056148983,2
587,73,25,0.580424086978873,619,0.83506594545502,Auditory,5,1.7115362349379986,1
588,72,22,0.7790211625744835,3232,0.9273551805862972,Kinesthetic,21,2.406880445382609,1
589,81,43,0.9058761084328549,3823,0.36588580955688044,Auditory,28,2.7607213147887726,2
590,86,38,0.870856030756465,2380,0.3180495725509187,Kinesthetic,11,1.2772310921531793,2
591,61,14,0.9407253898375108,1546,0.7494260059808087,Visual,21,3.312873524893158,1
592,98,48,0.6389510486244339,4958,0.431112405097005,Visual,11,3.3905297594756014,2
593,62,3,0.5969769336338875,3563,0.08754866402778061,Visual,9,3.955721821397889,1
594,72,28,0.9399082429709693,1605,0.2828011306704997,Visual,22,1.1166795691629732,1
595,74,21,0.8287801563890116,3752,0.41858228553148913,Kinesthetic,29,3.1649528577353205,1
596,84,24,0.6554644650037771,4675,0.292516425476252,Visual,25,1.2116297330826575,2
597,90,12,0.8711740252862545,1890,0.3322055709473216,Auditory,5,3.8045768798666137,2
598,79,17,0.907559192240184,1275,0.29377590617439076,Visual,16,1.222911942803938,1
599,66,32,0.8074891201705662,2743,0.041499167183079444,Visual,18,4.646911393366531,1
600,98,15,0.8439420549399576,2493,0.6370947008244425,Visual,17,3.808330267537986,2
601,69,44,0.6876299522213332,356,0.5972924203534693,Kinesthetic,5,3.0295590603406284,1
602,97,41,0.7693478336715196,869,0.6533834984786806,Visual,23,2.7660156931246997,2
603,74,43,0.7620795853630811,885,0.19230989603362747,Auditory,18,1.5226905216530495,1
604,71,1,0.9240238955653859,2001,0.2956545416124853,Visual,9,2.1639975582586524,1
605,62,34,0.9199819901410913,1283,0.6196159269449223,Visual,23,4.475836420083585,1
606,68,41,0.9163402346735217,619,0.5996275684599214,Visual,7,4.617811246249976,1
607,98,33,0.5055158071312329,882,0.5063303093542678,Auditory,20,1.0029908334821243,2
608,85,29,0.8747727422344441,796,0.3504132500101974,Visual,23,3.376545565910205,2
609,61,12,0.8793381950555024,3642,0.9129310047746899,Auditory,5,3.8772024361004545,1
610,90,12,0.8391894114275709,3425,0.3397702422988438,Auditory,20,3.474987929830425,2
611,68,17,0.8781323289457263,1296,0.4556191564372516,Visual,24,1.326719059465416,1
612,61,31,0.9209851857483544,4714,0.6781138309542087,Auditory,29,1.8708995951956089,1
613,58,31,0.7351595270508928,244,0.5430214308667641,Kinesthetic,6,2.001361069525544,0
614,56,34,0.7510251067442235,2895,0.34688597636438556,Visual,23,4.326898525220359,0
615,77,38,0.5623570284556952,929,0.43564479045650983,Visual,0,2.852797745235682,1
616,63,45,0.6926879415236809,519,0.7944808178535061,Auditory,26,2.9473128477649473,1
617,80,28,0.8216825899558922,3212,0.27812915548661243,Auditory,17,4.739572186218034,2
618,68,48,0.8901998880736373,2409,0.14225523977681542,Visual,23,3.548343555418862,1
619,96,28,0.6086045488456053,7,0.3131632018297771,Kinesthetic,27,4.594670806210655,2
620,65,43,0.5689114495796177,2525,0.8495342154879013,Auditory,24,2.826035421366132,1
621,54,15,0.8315210022502462,3423,0.08898971485634666,Auditory,19,1.597745034073177,0
622,84,43,0.5009399417624554,2019,0.9916960733724518,Kinesthetic,11,4.719742376296343,2
623,61,46,0.5891862921536649,4590,0.5410028989276625,Kinesthetic,15,2.834820462670153,1
624,74,9,0.5145356901719769,4282,0.984845743967094,Visual,9,1.7265256875152875,1
625,70,29,0.5834425589274355,3667,0.9389964220859776,Kinesthetic,26,2.209582961215689,1
626,85,24,0.5906596399627526,3671,0.45281371421091676,Visual,9,1.203210358755769,2
627,72,38,0.6938367973751971,2801,0.1984910746053491,Kinesthetic,13,2.8732023658255406,1
628,65,19,0.7011635623432779,85,0.16488477656513845,Auditory,24,4.412512687640946,1
629,88,4,0.9371312353051189,3115,0.2399893638699575,Visual,19,4.7343218240267575,2
630,94,0,0.7550548562494126,4232,0.7101326405645373,Visual,9,4.730408830014575,2
631,91,29,0.8617023828061432,2468,0.27294999473148784,Visual,9,1.500920102514987,2
632,88,48,0.5520686789601437,3619,0.3414252696042983,Kinesthetic,25,2.528215530044228,2
633,63,2,0.6127193777318469,1636,0.4487788039946148,Auditory,24,1.1129150386028255,1
634,80,44,0.8514717204893384,3583,0.9132326804214563,Visual,10,4.420661379885891,2
635,54,13,0.5264019802342641,4009,0.1893934178848461,Visual,22,2.435023048085095,0
636,84,29,0.7432988311218766,3326,0.005026552609803114,Visual,1,3.524468111568939,2
637,72,49,0.7996844828314669,2218,0.06009641037817015,Visual,24,3.8595937523091544,1
638,78,3,0.8010728220262405,2217,0.9047663416801179,Auditory,19,2.7193786789726215,1
639,92,17,0.511466405634021,4967,0.6475164648433631,Kinesthetic,7,2.225769346200972,2
640,60,36,0.6610540021145928,2369,0.27304061932780677,Auditory,29,4.848851640463779,1
641,67,24,0.818245325524577,3638,0.1771925010111911,Visual,22,4.857952900095417,1
642,96,47,0.5744998680746217,2503,0.29426673663711433,Auditory,28,2.1577454721200877,2
643,61,0,0.8477078241640266,943,0.1147969272512801,Visual,6,2.9185003869778323,1
644,58,45,0.8729626044068373,2837,0.9415329102844411,Kinesthetic,7,4.891376634640089,0
645,59,14,0.9909845952230727,2660,0.7842061743652669,Kinesthetic,0,1.019473630622013,0
646,93,8,0.6049209974282047,2936,0.4623911769125407,Kinesthetic,20,2.650712993516597,2
647,66,14,0.9125653338330576,4444,0.864962605115202,Visual,1,1.4018301987238737,1
648,87,48,0.760148288459327,3947,0.2494582042932323,Auditory,17,3.0366318622504105,2
649,56,23,0.6867312980720868,1676,0.7171205684721935,Kinesthetic,14,1.0986798181619486,0
650,95,3,0.561188378662589,1196,0.8561324990137434,Visual,0,2.6275937255625115,2
651,62,11,0.8677528032437688,4105,0.3567687116232726,Visual,4,1.8827962991413405,1
652,89,36,0.6179287995718435,2787,0.7574644454507177,Auditory,1,3.133233449834963,2
653,91,36,0.6857110009365228,1461,0.29507234926430936,Kinesthetic,19,4.983974596402799,2
654,58,42,0.5312711134486843,3318,0.2988571352590308,Visual,2,4.202144420506991,0
655,99,5,0.9006834579097596,666,0.10705717855418606,Auditory,18,4.3825683664976856,2
656,76,38,0.8832942619858217,2176,0.4400580465093987,Kinesthetic,17,3.5410599494363235,1
657,51,45,0.8668079150211563,3743,0.7297119064974222,Auditory,28,1.1662393930890342,0
658,54,23,0.6497217552459433,600,0.940220805571285,Auditory,21,1.8271907041765765,0
659,78,10,0.5867400371329786,2652,0.6037969919290961,Visual,17,4.70025822578822,1
660,86,12,0.8187766322351149,4422,0.863135537735739,Visual,13,2.464452471715005,2
661,87,33,0.7480831920566098,3824,0.8224946492902271,Visual,29,1.4145469059231823,2
662,68,24,0.5891262334523208,3906,0.17334305297528085,Auditory,23,3.809621463464808,1
663,57,6,0.8429556355249319,979,0.48581742891263147,Visual,7,2.1978308957370185,0
664,97,3,0.9955632159106518,2451,0.11692353552539148,Auditory,28,2.0754276516166867,2
665,94,7,0.8736097938710188,628,0.682153161561635,Auditory,29,4.991909822233041,2
666,50,19,0.8699931933428059,1629,0.949899668246076,Visual,11,4.432555700106617,0
667,71,28,0.9751563764652958,3696,0.1370894580787565,Kinesthetic,20,2.631751273471364,1
668,66,44,0.6014681837874511,3430,0.7338831308025413,Kinesthetic,9,4.921044831265997,1
669,56,45,0.7827749824607202,3674,0.632238150867861,Kinesthetic,22,3.6004528936768545,0
670,74,9,0.9898233575169417,3929,0.5836050370080997,Auditory,19,3.968089807519041,1
671,94,42,0.5826470554850873,2765,0.39012023468833923,Auditory,16,1.1260521723288464,2
672,53,33,0.8501259797222604,4369,0.35513164775381256,Auditory,10,1.4864210373922284,0
673,85,25,0.792905072985951,4780,0.04524918901888786,Visual,1,3.5323405059849535,2
674,55,40,0.7932395460943535,115,0.21790870825201347,Auditory,25,4.596095930597936,0
675,80,48,0.8488353137600375,4956,0.015176882286826898,Visual,25,3.4949749043503826,2
676,68,2,0.964808461437842,2003,0.5814171055820205,Visual,3,1.5360995772759671,1
677,93,5,0.891290969925669,692,0.10585323587790885,Kinesthetic,0,1.4630401849852985,2
678,88,4,0.528068051708105,3162,0.8730193940297161,Kinesthetic,14,4.376743583296326,2
679,76,4,0.9263640099378556,1105,0.5231430206971652,Kinesthetic,12,1.5572093548316572,1
680,59,46,0.6127706649628664,3008,0.6996899090587084,Visual,7,3.0809278420161017,0
681,75,22,0.6884570823681859,2161,0.41085709184049646,Visual,24,1.148453279849209,1
682,68,48,0.7308664068061911,153,0.5605798090010486,Visual,3,1.3226790695647095,1
683,88,8,0.7404530003765348,3699,0.9426591769666305,Auditory,9,3.6893930705714593,2
684,52,34,0.7175901996276783,4410,0.08273403962367076,Visual,18,3.7567256417100667,0
685,94,19,0.9686766471079322,3786,0.25393777192369615,Kinesthetic,17,2.3658776264337695,2
686,62,48,0.8530095038320122,1064,0.7799883269105443,Kinesthetic,4,1.862439060972179,1
687,99,41,0.8155853229783532,4200,0.09873720688266585,Visual,29,4.254841083029232,2
688,77,34,0.5249210138914708,1913,0.07566110390411085,Visual,18,1.8684129178795614,1
689,69,49,0.9519566651301874,1216,0.36154139875403857,Kinesthetic,25,3.168108278665519,1
690,77,17,0.9546950960041981,2401,0.09216795847243231,Visual,22,4.872835363451622,1
691,57,16,0.8901065317150512,1772,0.5850784422062031,Kinesthetic,26,1.5914097514495351,0
692,90,23,0.5035146019068095,1960,0.22627525081659983,Auditory,21,4.7635050699788355,2
693,88,2,0.5286401255388117,2780,0.8956979631993723,Kinesthetic,15,1.7315722122746746,2
694,50,31,0.6126118511342449,4804,0.7835000808452567,Auditory,0,3.2697728320929182,0
695,52,34,0.5656747040724533,4746,0.6997052060994762,Visual,11,2.5080308478349784,0
696,62,37,0.6994180148518647,2871,0.6169440273845019,Visual,23,4.859714406007304,1
697,77,12,0.9613115290438948,660,0.8634657303414633,Auditory,1,2.0941681160077477,1
698,98,46,0.7360302170984991,2635,0.22306206154275687,Visual,20,2.5986320083430146,2
699,74,24,0.5067013132160828,2329,0.8731088427642276,Auditory,24,4.931440471421682,1
700,82,8,0.641372844789381,3954,0.7894922984240523,Visual,7,3.1458815647538927,2
701,87,3,0.5222974541864808,2450,0.7481608263876856,Kinesthetic,17,3.010520462485014,2
702,55,13,0.5181438113067511,1132,0.561255678074924,Visual,24,2.031113952815965,0
703,93,36,0.6378599265477761,699,0.2462441609706001,Kinesthetic,15,3.805454241241766,2
704,94,33,0.6378061693394728,2038,0.42354791599189634,Kinesthetic,4,1.0574918071111106,2
705,81,10,0.893563301300802,4647,0.7935706545388016,Auditory,25,1.1980505188091741,2
706,94,40,0.9874173263905559,4500,0.031778484357324444,Visual,29,3.397434348543211,2
707,96,2,0.6856035469449991,4557,0.7820507692637583,Auditory,21,2.3666982952738165,2
708,70,27,0.7144434394305192,2179,0.2400707404875665,Visual,12,4.813265488803842,1
709,65,28,0.9223947181430108,2838,0.14430920072160303,Kinesthetic,18,4.612762762891142,1
710,70,8,0.6340695100477567,873,0.11570131818030216,Kinesthetic,28,3.854825034706829,1
711,60,2,0.578190902201724,83,0.027250011950815112,Visual,2,4.272582324511205,1
712,86,24,0.9265448117018252,1422,0.5235864852214529,Visual,25,3.6693273986707733,2
713,85,33,0.5232502932200327,2675,0.21825987269372948,Auditory,7,1.5023284108406427,2
714,84,11,0.8098497200997079,3180,0.9894317657796315,Visual,26,4.062173478756811,2
715,68,41,0.7809964237334034,4316,0.5744367558722058,Visual,25,1.8407678748753855,1
716,69,8,0.6729602237508472,3975,0.13788526935601042,Visual,25,2.293771420400787,1
717,67,14,0.6575947605486795,1391,0.6887625408113653,Auditory,11,4.276936848409681,1
718,96,39,0.8859288630908106,3218,0.8977435665097253,Visual,1,3.146102433573793,2
719,90,24,0.5432123053812732,4207,0.7451794953696144,Kinesthetic,10,4.439762856733637,2
720,98,4,0.6183921546556927,614,0.07643986103944767,Auditory,11,1.8521412793730567,2
721,63,10,0.866224365919045,2971,0.8958841811926596,Auditory,27,3.4311137544275487,1
722,64,33,0.7741602918632121,3565,0.7939293858599648,Kinesthetic,17,1.3351638901930465,1
723,80,23,0.5639941042667932,3576,0.15830390010561435,Kinesthetic,12,3.5722439741601186,2
724,50,14,0.9410678071410301,4570,0.051785888732816865,Kinesthetic,4,4.050136151102139,0
725,52,37,0.6967239232817958,270,0.5573105753143085,Visual,21,3.3397235759148867,0
726,65,7,0.9139341876610865,4066,0.1560358113399769,Kinesthetic,11,2.064926005995241,1
727,72,4,0.8938565077638543,2468,0.834590952595272,Visual,1,1.1253706754354669,1
728,60,47,0.812212723235864,1390,0.35833465667167375,Auditory,4,1.477795535857143,1
729,61,25,0.7472405656475465,3354,0.9128924447365754,Auditory,6,3.489211916296105,1
730,59,17,0.9897754201908784,4135,0.5656881721410058,Kinesthetic,25,4.737680867370055,0
731,81,5,0.5724825361899085,3607,0.18267238423966814,Visual,25,1.8261376158880256,2
732,65,36,0.8625778637755575,2583,0.1395988673598001,Kinesthetic,23,3.940104596420395,1
733,57,47,0.5955953507323946,4073,0.5764724375577539,Kinesthetic,11,4.465804252996167,0
734,87,12,0.6691315526661742,3075,0.7618836118624439,Visual,15,3.0835287137900442,2
735,61,27,0.6543493716865976,3906,0.7815056477421821,Kinesthetic,22,3.677063183374631,1
736,73,4,0.9735179938693614,289,0.2757574044412813,Auditory,7,4.260061266704593,1
737,77,12,0.9836780888941377,2480,0.20424675891216748,Kinesthetic,29,2.0427006309623743,1
738,57,16,0.5915077221173636,3252,0.016756304492382412,Visual,27,2.187582697072172,0
739,77,49,0.5110175801487521,278,0.6791991512011694,Visual,8,1.0025100665138247,1
740,85,39,0.8600040198315566,2924,0.07656825843353898,Auditory,14,4.85237652359121,2
741,75,44,0.7089949669352422,580,0.4207612017659258,Visual,4,4.67017957838538,1
742,57,31,0.5444201225437821,4958,0.6016821640182961,Visual,12,4.058273055037722,0
743,99,28,0.8418770527885213,253,0.937108944919677,Auditory,4,1.3163040839065925,2
744,77,2,0.7725527641303498,4276,0.31180213695576864,Kinesthetic,10,2.7900115587980325,1
745,77,39,0.990258411000553,4776,0.24977216244651979,Auditory,9,1.4075670158862112,1
746,86,33,0.6137047479306894,824,0.6541601542860984,Kinesthetic,19,1.0636810690511944,2
747,90,39,0.7019889381632741,3832,0.6192390320535817,Auditory,12,3.464731860850389,2
748,85,26,0.7712729016977115,699,0.3321097833081246,Kinesthetic,8,4.843317668320754,2
749,76,12,0.8958499942266758,1380,0.9281018355097865,Auditory,20,4.611472093728601,1
750,66,44,0.7744193283600294,3896,0.8448623274896327,Kinesthetic,13,3.7870192597416175,1
751,58,32,0.8064500804309747,1673,0.22398254586508115,Auditory,17,1.3865623366594857,0
752,82,5,0.6130735257949704,2727,0.23914254543452318,Kinesthetic,14,2.0966561506892005,2
753,69,23,0.9234593640442799,3156,0.5123003468870806,Auditory,9,2.280226907541164,1
754,62,18,0.7143152734852378,3388,0.7735721017307203,Visual,23,4.052600230982245,1
755,77,15,0.5704798137608846,4307,0.04404037938846439,Kinesthetic,6,4.208996716940456,1
756,97,39,0.8320939572527086,383,0.6933351537347067,Auditory,7,2.5404244919596817,2
757,78,27,0.6080452265926537,341,0.648235897382097,Kinesthetic,27,2.6715359864704387,1
758,62,32,0.5487812551196498,1987,0.23148009591298824,Kinesthetic,2,1.1780361571046853,1
759,95,47,0.9309934542021361,4059,0.6813530132413488,Auditory,14,2.156546873675044,2
760,84,40,0.7300811322442198,4939,0.9401831912520826,Kinesthetic,15,2.8051407087105598,2
761,55,12,0.8746418563478882,3109,0.04678584497176852,Auditory,3,1.4679321855410303,0
762,67,42,0.6452937799031775,4082,0.31965205529206253,Visual,20,2.8130698430200853,1
763,54,44,0.8934850674588332,4515,0.43817671666635527,Kinesthetic,5,4.4127032490312015,0
764,96,24,0.5559679635107652,2798,0.8992603589246896,Visual,0,3.3252840789002134,2
765,74,41,0.6779866868974264,3240,0.9622614466091567,Kinesthetic,3,1.3157194201536493,1
766,51,35,0.9890309089867643,1988,0.44411524649633227,Kinesthetic,10,1.7666852753210973,0
767,59,26,0.896994858184003,3414,0.7500284121421912,Kinesthetic,11,2.898177400634225,0
768,79,37,0.7486279651573441,1849,0.531661023764483,Auditory,25,2.4459485992872483,1
769,99,6,0.6698887357809425,305,0.5377829347413765,Visual,28,2.434908078184395,2
770,94,4,0.9360678500112383,3613,0.27809951506635644,Kinesthetic,4,3.1170697925743607,2
771,54,42,0.7724238795422578,2749,0.21695624586387952,Auditory,22,3.3375836863578296,0
772,82,44,0.8792125089345555,4964,0.28800534592404115,Kinesthetic,28,4.187446281104764,2
773,50,30,0.8770538401580821,1135,0.5563280072570793,Auditory,20,2.3638662538499386,0
774,67,22,0.5089728392842459,205,0.029155186022088997,Kinesthetic,15,4.221865132162347,1
775,81,41,0.5631268913963068,4591,0.9072489443564058,Visual,12,2.35444491645053,2
776,96,9,0.8298146831973712,3450,0.15628370954977622,Visual,12,1.2217319557649353,2
777,98,31,0.5808099056429357,3811,0.22008867687138656,Kinesthetic,16,3.2167506040191647,2
778,60,42,0.6277466723278023,3622,0.5182761764476463,Auditory,26,3.351609299579258,1
779,70,29,0.9733189770998036,3599,0.7101147663372793,Kinesthetic,6,4.73816098248744,1
780,75,38,0.7800911291874559,2551,0.0957290547443973,Auditory,7,3.9042453042498977,1
781,74,30,0.8753647534996736,4308,0.3176946975471622,Kinesthetic,12,4.6710906099777585,1
782,71,17,0.7789903693913199,309,0.9686746055743571,Auditory,22,4.633388840972039,1
783,76,35,0.7762568073913626,2708,0.2623429667809457,Visual,26,3.4182964410329686,1
784,98,1,0.547075955062849,1991,0.3130501450631469,Kinesthetic,15,3.11104826134579,2
785,62,13,0.6718315963045516,271,0.8364984906180335,Visual,29,3.2297638686543997,1
786,82,12,0.6412154493432558,3642,0.05021443169045525,Visual,28,4.913323230708992,2
787,83,28,0.6953641828068067,4086,0.46461316880897086,Kinesthetic,3,4.092670766987835,2
788,90,11,0.8991720941121641,1822,0.37961676445167025,Kinesthetic,7,1.4250636191695834,2
789,84,38,0.6859663339584324,3273,0.31658675990865115,Auditory,15,4.1137136271256,2
790,50,1,0.7258484096158413,4538,0.2856995940447645,Auditory,20,1.6821521955929035,0
791,70,31,0.6986906952426583,4349,0.0913741048604092,Visual,9,2.7894021960225026,1
792,97,12,0.5467039859876478,520,0.3148258293516488,Auditory,24,1.841838688706137,2
793,55,45,0.7205360791253919,976,0.04305240271566857,Auditory,11,3.758332262132919,0
794,77,26,0.5978046365222576,3722,0.7809638636444353,Kinesthetic,11,4.509238944772143,1
795,66,48,0.5933616478865207,3551,0.39822779395801167,Auditory,25,2.161447541466724,1
796,54,40,0.5470180522171332,4105,0.4439038323199116,Visual,4,1.3280429648327505,0
797,80,16,0.6783354870708824,2773,0.8935945864501316,Auditory,15,2.193972392299853,2
798,54,39,0.8787409423947087,2552,0.6580549838612207,Visual,0,3.6894474317287775,0
799,87,30,0.638220845291698,2832,0.008059103342119789,Kinesthetic,27,2.3150405102177998,2
800,52,33,0.6561745509427568,3907,0.943174822961285,Visual,8,2.1124486702152137,0
801,72,23,0.8213373288362118,152,0.23714446597771122,Auditory,11,1.7377407623370598,1
802,86,44,0.5979204062934594,2964,0.10761418475985884,Kinesthetic,4,2.990065707497734,2
803,86,34,0.9484789652117671,2916,0.7681281783808822,Auditory,21,2.1037953126287503,2
804,59,47,0.7600952616257772,2800,0.5004773158667182,Kinesthetic,19,3.9240413965579326,0
805,59,5,0.7238014701601085,1752,0.43377056601801756,Kinesthetic,21,1.3064896079688109,0
806,68,18,0.7789100959646007,2610,0.24950307968274177,Auditory,27,3.6561321324452702,1
807,66,29,0.5830171567080977,3875,0.5474714898623186,Auditory,23,1.9502400582710795,1
808,70,6,0.8067365693195881,1104,0.27438460520258745,Kinesthetic,2,2.9571170442064125,1
809,63,9,0.6815503683170052,2536,0.9015830052870676,Kinesthetic,4,2.1443596881250424,1
810,58,40,0.9485931704823094,4990,0.2152044797331928,Auditory,1,3.8910747040431826,0
811,95,31,0.5844271033388431,4199,0.8843551504557535,Visual,13,4.781228161006547,2
812,50,33,0.7535255519327205,3854,0.559405425727357,Auditory,1,4.6683071178792535,0
813,94,27,0.799056314684509,3494,0.828488133895241,Kinesthetic,12,3.3337048605763644,2
814,62,14,0.5166918008931907,1914,0.712845995860955,Auditory,6,2.8504412130279135,1
815,53,29,0.6818465623780701,3072,0.6966951114367486,Visual,9,4.273202037757527,0
816,50,36,0.8663176173504163,1006,0.3243458076950557,Auditory,12,3.7333054505109198,0
817,98,28,0.9101887537244866,406,0.23389693147220347,Kinesthetic,15,1.7342564568677314,2
818,89,21,0.6565809974086412,166,0.21088622768078813,Auditory,25,4.2836768544520005,2
819,81,3,0.8992966361913757,508,0.8571916570595887,Kinesthetic,13,2.7155375575788407,2
820,83,19,0.9838779385516945,1661,0.82042682025902,Kinesthetic,10,1.7559426398847005,2
821,77,31,0.928436968037547,3664,0.4405735280123073,Auditory,9,2.12718940158597,1
822,80,35,0.5588219940796626,3489,0.1324046134964546,Kinesthetic,5,2.0701081209933694,2
823,57,49,0.8698651660427703,4858,0.3822522519774584,Kinesthetic,3,3.0768278984138404,0
824,88,3,0.6598334162202724,680,0.6193434541369114,Visual,20,1.937480362711502,2
825,75,26,0.9942079947060383,2524,0.45440315447995283,Visual,0,1.4942659496063047,1
826,83,16,0.7426794915799435,2120,0.780189268482995,Visual,6,1.494763402455043,2
827,52,11,0.5612169491794705,4677,0.9976228222513854,Visual,23,3.3331047885563865,0
828,99,21,0.8625927740136954,4357,0.19113208844889684,Kinesthetic,8,3.9390371553975143,2
829,61,16,0.6615055991931069,1363,0.45965081965957244,Auditory,7,2.286132035353363,1
830,50,9,0.9985390785408308,1331,0.43098390192082203,Kinesthetic,4,1.1386028392560683,0
831,93,0,0.989891228927261,2292,0.30449253274895083,Kinesthetic,18,1.508899547748043,2
832,54,21,0.8280670090102904,1538,0.19809551672028958,Kinesthetic,9,4.658778241348228,0
833,79,25,0.5649132244758588,3408,0.06569211648965922,Auditory,10,2.974174638357812,1
834,79,17,0.8434304988375145,560,0.8871193172236984,Visual,24,2.814291238460699,1
835,66,49,0.5465152432300135,1099,0.4198486976863176,Kinesthetic,14,1.1521967132403637,1
836,97,13,0.5146820795511962,1903,0.49689551850004887,Kinesthetic,5,3.9145480892675963,2
837,96,46,0.911479223110743,174,0.9169420482009158,Visual,14,3.1122723237283156,2
838,72,28,0.6048764738418406,2156,0.7762904775159478,Kinesthetic,4,1.8083237443460831,1
839,64,11,0.6895135631095487,2230,0.1305012641171842,Auditory,28,1.4402950407242288,1
840,86,35,0.9867286949880866,4287,0.5654199676077424,Kinesthetic,18,2.533551454527994,2
841,70,34,0.6684202509305517,4160,0.4422522765195591,Kinesthetic,21,4.348647856780103,1
842,63,11,0.6482448906416576,3920,0.7972110725787628,Visual,18,4.461178236804098,1
843,51,6,0.9591039998113876,1497,0.7242325476119492,Kinesthetic,9,3.4113855215825457,0
844,60,28,0.5553742226594791,3854,0.690405721911072,Kinesthetic,11,3.9101457089205707,1
845,88,10,0.8797912050573159,3171,0.3405448354798969,Auditory,21,1.4606231496114814,2
846,87,32,0.994032783326387,1567,0.8049637303992545,Visual,3,3.3525042618714194,2
847,83,5,0.9506480053873244,1151,0.05239129559486122,Visual,17,3.667862813948727,2
848,87,46,0.8258339593532129,368,0.15962490143216723,Auditory,15,1.8028513716551688,2
849,99,14,0.657030397496366,4946,0.3356232729779117,Kinesthetic,7,4.520618931641035,2
850,83,31,0.6271609905891584,42,0.07680744106928128,Visual,3,1.779986950084079,2
851,67,10,0.9096275524357306,1907,0.2349942775346916,Visual,24,2.2539094393858017,1
852,79,22,0.9399109569758477,3490,0.8301509829979181,Kinesthetic,22,3.4822273880938344,1
853,64,25,0.7627174562728465,2535,0.9482515377900793,Kinesthetic,11,3.553400260522923,1
854,76,33,0.6221699703932331,4173,0.3046023557741905,Visual,1,3.797538963949469,1
855,83,45,0.5564716042055868,2873,0.2645158039888382,Kinesthetic,3,1.4480468522728227,2
856,87,33,0.5435897339159156,1824,0.2798926522464269,Visual,4,4.397857719714221,2
857,82,28,0.8595387236769279,1293,0.27771908735084383,Kinesthetic,2,3.1313885291330394,2
858,73,3,0.7100593639238625,4769,0.03593018218597299,Kinesthetic,8,2.8852871764202734,1
859,64,16,0.9526799371389352,4796,0.9269163463311081,Auditory,28,4.924390498054038,1
860,79,34,0.8698356503633818,4854,0.2136981415703284,Kinesthetic,20,3.961513187764079,1
861,91,12,0.5956302089572934,3386,0.42000407408140494,Auditory,17,1.4720241064774995,2
862,66,40,0.8068887094078495,2972,0.00968688274096774,Kinesthetic,10,4.026156668904963,1
863,54,38,0.7177527271990797,3922,0.8579550909150572,Visual,2,1.380995735891478,0
864,78,14,0.7886248653843065,4997,0.7311573444549172,Visual,29,1.1098822500519394,1
865,53,28,0.8690345616692585,992,0.9467560351737032,Kinesthetic,24,2.6145035810795885,0
866,59,28,0.9030979405018954,2386,0.7816154791963991,Kinesthetic,22,4.974312691276875,0
867,66,10,0.9218686632033621,2240,0.31370651205206523,Visual,1,1.6995357447794506,1
868,59,31,0.6269874372860124,1476,0.24787335872842364,Kinesthetic,8,3.69057737410716,0
869,66,1,0.5155577999586789,3407,0.697716307553293,Auditory,13,1.6935842648244774,1
870,69,46,0.8696473675823866,389,0.36411277501049943,Auditory,3,3.8991478998335443,1
871,73,13,0.5531718631278872,999,0.5662150157526166,Auditory,28,3.0214146729513045,1
872,54,19,0.6574597943064838,4620,0.006257471026470229,Auditory,8,3.719886840357505,0
873,83,21,0.5019085670621736,1855,0.06188570168047525,Auditory,12,1.8114927036569384,2
874,55,10,0.84083474120081,658,0.5353679411816512,Kinesthetic,17,3.982513330082008,0
875,51,26,0.5835660057356107,2763,0.5660716464481651,Kinesthetic,14,4.982476238490827,0
876,62,2,0.827641204845829,3663,0.7514529444593436,Auditory,27,3.662602002503839,1
877,92,16,0.9958713085839195,4986,0.13196531962396174,Kinesthetic,9,2.9739199922915107,2
878,92,43,0.5363354358050081,1481,0.5131830837567788,Kinesthetic,15,4.69269595447706,2
879,97,27,0.5385390059757303,3731,0.1944476444316886,Auditory,11,1.0634073689275052,2
880,60,28,0.6701900463333375,451,0.09319611956269469,Kinesthetic,19,3.9196940771432844,1
881,96,20,0.933193257125671,2475,0.4104957940605546,Kinesthetic,4,4.554986067255252,2
882,72,46,0.6077649343956659,3222,0.16333664808905723,Kinesthetic,1,1.2466983344838298,1
883,65,15,0.6801889099651738,1537,0.2217819781923186,Auditory,9,2.8002566816630328,1
884,80,36,0.5342527033134898,3093,0.31755457986950175,Kinesthetic,0,1.8188778157999956,2
885,60,19,0.8815776456294446,882,0.25938840074319625,Visual,6,3.2660726623513203,1
886,65,5,0.7041531713797256,4408,0.0875912974059464,Visual,25,3.598171834414642,1
887,57,18,0.8796243665304214,4068,0.08991624485970229,Auditory,16,2.21049273171502,0
888,53,4,0.9518039221733976,4935,0.19324941523416816,Visual,15,2.8399266787124033,0
889,89,2,0.6163815735506444,2566,0.050559187959538954,Auditory,26,2.117357941106238,2
890,53,0,0.9036980151699756,3277,0.6264570196769271,Visual,26,2.477564657820455,0
891,74,37,0.5295469450391266,374,0.28732671650890196,Visual,23,1.6381598267536943,1
892,52,14,0.9494236940901237,4546,0.279745967769071,Visual,2,4.542237774342526,0
893,81,33,0.8253842737793737,3697,0.33199829423776517,Auditory,13,1.0400416422365457,2
894,52,34,0.9371133620691758,3062,0.6627962742097216,Auditory,9,4.529636745775154,0
895,76,48,0.500094199778291,4690,0.8706338814834905,Kinesthetic,21,3.286715513398954,1
896,78,24,0.5845405351779962,3250,0.7590869325556384,Auditory,6,2.32663137670807,1
897,81,23,0.694879693713246,4595,0.727529230225095,Visual,25,3.892228501841319,2
898,99,11,0.6897514516873593,4559,0.48439118560084926,Visual,16,3.0310086074506573,2
899,68,17,0.6133651914617553,112,0.6938055569674118,Auditory,29,2.996434632430426,1
900,70,14,0.6908059699336,3197,0.5527623680335831,Auditory,5,1.4405691316758658,1
901,54,43,0.5644243560001274,2378,0.2162505281865289,Auditory,22,2.5580641037816347,0
902,67,15,0.706380564633013,1924,0.20858836774105072,Kinesthetic,21,1.9642573834269466,1
903,77,26,0.901177164579632,139,0.29639200687528344,Visual,3,1.0627836223851186,1
904,91,7,0.7395350315516755,1424,0.9108026709698133,Kinesthetic,16,2.440398523128453,2
905,71,45,0.5090000444726075,2949,0.5474148403797259,Kinesthetic,26,1.359288517702419,1
906,70,24,0.7107220207896237,3168,0.7339053770018694,Visual,8,2.027320150900741,1
907,55,16,0.5135875080454221,516,0.3465587598165476,Visual,3,1.3700664847323778,0
908,50,28,0.9831217053533992,2616,0.40771577066522524,Auditory,6,1.4037665022255954,0
909,54,7,0.5637269797114345,887,0.12556557863725137,Auditory,22,1.7960451776607531,0
910,90,14,0.8538441631653093,3104,0.17129495782167037,Kinesthetic,1,4.999396977945601,2
911,61,26,0.9863881614460429,49,0.8273565548261456,Auditory,16,1.008736571428995,1
912,75,45,0.9130195258332859,3951,0.5848386316888821,Auditory,23,3.554690544481621,1
913,95,49,0.8496576875631019,3560,0.3375324658838189,Visual,7,1.5649747921062294,2
914,83,6,0.9197304547503835,18,0.802851208995546,Visual,22,4.682512546843103,2
915,98,2,0.9908993466303138,4821,0.24651990563798298,Auditory,29,1.374531573334517,2
916,63,28,0.8106722486267648,1473,0.9760326986002038,Visual,14,4.820252748504946,1
917,75,43,0.7795924034146633,4061,0.34481760774616976,Auditory,14,3.4437055499339118,1
918,94,23,0.8141190552316406,2606,0.3373109541512276,Visual,7,1.005072307661961,2
919,76,2,0.7663379433807775,451,0.3119119055367052,Visual,15,4.576028791667224,1
920,58,19,0.8175445529548594,3765,0.12211151592428793,Visual,18,3.086847205467673,0
921,75,45,0.7249211039862796,2438,0.11113714733201241,Visual,10,2.050678941321938,1
922,96,14,0.6092215914416536,4310,0.6481050345341234,Auditory,1,4.06911671006252,2
923,71,24,0.5601236132558378,1549,0.875118044558047,Kinesthetic,22,4.70666221554748,1
924,96,29,0.5341704677661302,3474,0.7905205102716735,Visual,23,2.9347632925871756,2
925,79,13,0.6316578918766,127,0.1411075940213511,Auditory,16,2.2622138977724435,1
926,92,6,0.5230617821678669,4855,0.5455821217920664,Auditory,27,4.155780495739707,2
927,97,16,0.7835853899596927,2761,0.10559154597664,Visual,25,3.7271419911538186,2
928,66,43,0.6419142235117601,4456,0.045294643613077445,Kinesthetic,15,4.55500993500109,1
929,75,19,0.9122674040435161,4664,0.6563858593847672,Visual,24,3.770056051044772,1
930,85,35,0.5371204364941933,1415,0.5351523336803503,Auditory,14,1.9741133555981452,2
931,50,8,0.613175747170743,201,0.08202368521147085,Kinesthetic,12,4.726636999036076,0
932,57,37,0.865123073545073,2369,0.034939246405988444,Auditory,14,1.4193429888239653,0
933,98,47,0.7994041481917458,517,0.9897564134093346,Visual,26,2.0717710004273915,2
934,84,21,0.5322456356245837,1341,0.030021332149071878,Kinesthetic,3,3.0807784308955424,2
935,64,1,0.9386197285811002,4776,0.44452825305015964,Auditory,15,3.2629681042836056,1
936,96,23,0.9386308814130897,1988,0.5046190246076956,Auditory,29,1.0612423465076217,2
937,71,7,0.6652040019378869,3545,0.11728014780044504,Auditory,11,4.12229090328376,1
938,63,10,0.6702029216747823,4520,0.16906177843971626,Visual,29,2.446429273701558,1
939,75,12,0.9945141791750869,3802,0.3518050064103525,Kinesthetic,3,2.6256741640085512,1
940,77,16,0.8130880857965691,3275,0.7616758762136626,Visual,2,4.237478177747783,1
941,72,7,0.7656582602840296,3654,0.5070824240602667,Visual,21,2.517133566910178,1
942,63,20,0.9190760917759622,2434,0.6379018745529615,Visual,16,1.1888995059790193,1
943,73,17,0.6426451691786582,4873,0.9851745550906748,Kinesthetic,21,1.7057590818814012,1
944,51,29,0.7145912966981784,207,0.7680054353132096,Visual,17,4.823612689552729,0
945,94,17,0.6338883377441671,2633,0.4343614981412177,Visual,24,1.2816214496100566,2
946,75,45,0.8945804232943657,4117,0.44644192179654874,Visual,17,2.419724803872065,1
947,63,46,0.786674672817609,153,0.618772077041005,Visual,22,3.0127166682053783,1
948,56,30,0.8294125350700352,3366,0.6653652084189043,Auditory,27,2.97312330935424,0
949,52,37,0.6261536249197033,4314,0.5007109258366713,Visual,16,1.015839772048571,0
950,96,31,0.6101126506886576,4764,0.6448612228149799,Auditory,11,3.0046509258299614,2
951,72,10,0.7441873144914694,1518,0.02353249441409877,Visual,22,2.535089831909637,1
952,95,44,0.8687828745464135,2600,0.4296228638968441,Kinesthetic,20,4.888317341898229,2
953,92,24,0.7626198787600801,2195,0.27893807607347676,Auditory,23,1.6366363359753193,2
954,96,32,0.5163228387728342,4498,0.1291744452431104,Auditory,3,2.41661678703798,2
955,94,37,0.9342757531601444,4691,0.09954651280877513,Auditory,11,2.677925940359279,2
956,67,40,0.5323434467575658,3554,0.6031921656146675,Auditory,25,2.562774148403795,1
957,87,7,0.9779122418603761,2414,0.5236005471526117,Kinesthetic,22,3.66332331060745,2
958,84,10,0.5125709791386364,2849,0.2535841169963692,Visual,21,1.8620514301910753,2
959,64,21,0.8472252280653544,1742,0.4709500587725145,Auditory,20,1.8842862112559673,1
960,74,23,0.5411035318558908,1306,0.4922323151824083,Kinesthetic,19,3.9168437940034124,1
961,86,40,0.9553382897175697,3849,0.1950089804386158,Auditory,14,3.0011620747127186,2
962,77,16,0.7322166181127714,4168,0.6520930618816506,Visual,22,2.6606227042292416,1
963,59,11,0.5687618874085076,4576,0.7809193563860904,Auditory,27,1.6768122067090072,0
964,88,45,0.6704078498949233,4655,0.791463540889519,Kinesthetic,15,1.7501088916486665,2
965,66,31,0.582412337673381,4840,0.6024698307034551,Visual,4,1.0422065472636022,1
966,88,14,0.5852909557785451,4195,0.5116385825190141,Kinesthetic,20,1.365705075446837,2
967,71,15,0.9740541600857211,2555,0.06100714300539489,Visual,14,3.227354778760964,1
968,75,21,0.7226230561423941,2305,0.28783129885160585,Visual,16,4.567492520033639,1
969,93,27,0.8944011319526798,4508,0.0932714467781699,Visual,17,2.1486590605222298,2
970,74,19,0.8198027805888409,1088,0.9638231608784736,Auditory,4,2.3109889035845126,1
971,66,32,0.8382131811691962,2642,0.1350801462257607,Kinesthetic,12,1.4624224424460488,1
972,62,9,0.5658467192360193,1177,0.15177540985110205,Kinesthetic,18,2.554523782428411,1
973,69,39,0.6170922234077428,4916,0.8895766183304922,Kinesthetic,29,1.1488868182773166,1
974,74,31,0.8933751675772185,4757,0.9439282834764579,Visual,12,4.670402785047601,1
975,53,49,0.9853831032373914,2994,0.7658290392349099,Auditory,17,3.6924453924981147,0
976,59,32,0.6313378212993259,559,0.00540492367266987,Visual,13,4.962995237572875,0
977,52,1,0.6357843823755199,2964,0.0013462709565636999,Kinesthetic,29,4.531292650713975,0
978,90,32,0.7364485664054524,1271,0.3781007697874508,Auditory,3,2.8919623747926106,2
979,94,32,0.9919201564277189,1813,0.14339537001089253,Auditory,3,3.0787401246015076,2
980,67,40,0.6344794729132355,2915,0.018386142151597284,Auditory,19,1.7623041860687754,1
981,96,12,0.7034859548171319,609,0.4640666894045047,Kinesthetic,19,2.8481573713582224,2
982,85,29,0.9457400078117534,2461,0.9430618974069715,Auditory,18,4.612111493971247,2
983,96,32,0.501460516310681,4120,0.3238195749024314,Auditory,12,1.2034136945432845,2
984,71,12,0.5198829824942848,283,0.6611406784286965,Visual,11,4.4542272119932385,1
985,83,25,0.8020358385356097,2928,0.6522353531324407,Visual,6,2.363791206570439,2
986,96,21,0.9536900823564235,4396,0.25108010366516775,Auditory,24,4.59805106038524,2
987,57,38,0.6194283302009638,1091,0.6504252488238643,Auditory,11,4.763519625365939,0
988,89,1,0.7348208873403546,816,0.21233397428689127,Visual,20,3.6834595480076238,2
989,98,37,0.7252326508289091,82,0.12200741357688905,Visual,3,3.6576951463707115,2
990,93,38,0.7364856730477551,1920,0.7013832855596901,Visual,26,2.8110173508349603,2
991,68,25,0.8112598478648726,3491,0.11344081710391674,Kinesthetic,1,4.34216089817483,1
992,91,45,0.7348718814953419,3144,0.9969092185893553,Kinesthetic,1,4.846451033733133,2
993,90,49,0.723734070661229,2093,0.18345240115022932,Visual,4,4.100327201356476,2
994,86,14,0.7371442102156303,4713,0.5941418627564575,Auditory,22,3.487746935026837,2
995,55,33,0.7954337206355208,175,0.4113745714125894,Visual,9,3.427171583285347,0
996,75,41,0.7685037441756792,2704,0.1263864224056671,Kinesthetic,9,4.39787960633465,1
997,83,43,0.9270679988252521,4937,0.027843907577413396,Auditory,8,3.1648150630851934,2
998,94,48,0.5247484267468333,369,0.6227322822928333,Kinesthetic,12,4.215439544995291,2
999,55,39,0.9166585357365062,1818,0.8067575637891261,Auditory,6,3.035541020696983,0
1000,86,10,0.921962306305862,2101,0.842015661506744,Kinesthetic,4,1.2497770998956965,2
